id,name,rating,review_count,categories,price,address,phone,image_url,url,latitude,longitude,distance
hdiuRS9sVZSMReZm4oV5SA,Da Andrea - Greenwich Village,4.4,2482,"['Italian', 'Mediterranean', 'Breakfast & Brunch']",$$,"35 W 13th St New York, NY 10011",+12123671979,https://s3-media1.fl.yelpcdn.com/bphoto/OciLddTWxvBLKMH5DkMAOw/o.jpg,https://www.yelp.com/biz/da-andrea-greenwich-village-new-york-2?adjust_creative=hgQT7I6pzaJGZpbBfLplFw&utm_campaign=yelp_api_v3&utm_medium=api_v3_business_search&utm_source=hgQT7I6pzaJGZpbBfLplFw,40.736287,-73.995865,2744.970238396635
16ZnHpuaaBt92XWeJHCC5A,Olio e Più,4.5,6257,"['Pizza', 'Italian', 'Cocktail Bars']",$$,"3 Greenwich Ave New York, NY 10014",+12122436546,https://s3-media4.fl.yelpcdn.com/bphoto/CUpPgz_Q4QBHxxxxDJJTTA/o.jpg,https://www.yelp.com/biz/olio-e-pi%C3%B9-new-york-7?adjust_creative=hgQT7I6pzaJGZpbBfLplFw&utm_campaign=yelp_api_v3&utm_medium=api_v3_business_search&utm_source=hgQT7I6pzaJGZpbBfLplFw,40.73406231935954,-73.99999980859876,2417.7254147523545
hLXe3RVRK39VUSPdvBjFEA,Kalye,4.5,240,['Filipino'],$$,"251 Broome St New York, NY 10002",+16464227267,https://s3-media2.fl.yelpcdn.com/bphoto/lIwFGGvKoBW9yaNGdH7lVA/o.jpg,https://www.yelp.com/biz/kalye-new-york-5?adjust_creative=hgQT7I6pzaJGZpbBfLplFw&utm_campaign=yelp_api_v3&utm_medium=api_v3_business_search&utm_source=hgQT7I6pzaJGZpbBfLplFw,40.7179,-73.98999,1463.6222244321348
P-RaGy9h2tH_IRXcDv7mmg,WarrenPeace,4.7,49,"['Cocktail Bars', 'Mediterranean']",$$,"77 Warren St New York, NY 10007",+18455925334,https://s3-media3.fl.yelpcdn.com/bphoto/ZDFe1vHPFYY8x-2Y_HOdbg/o.jpg,https://www.yelp.com/biz/warrenpeace-new-york?adjust_creative=hgQT7I6pzaJGZpbBfLplFw&utm_campaign=yelp_api_v3&utm_medium=api_v3_business_search&utm_source=hgQT7I6pzaJGZpbBfLplFw,40.715022,-74.010284,445.8947358061631
8YWLuLUKj0t_0_Xv06UUtw,Ye's Apothecary 夜莺,4.6,840,"['Szechuan', 'Speakeasies']",$$,"119 Orchard St New York, NY 10002",+19296552515,https://s3-media1.fl.yelpcdn.com/bphoto/C9kLckBI7NTHBnHV-98qEw/o.jpg,https://www.yelp.com/biz/yes-apothecary-%E5%A4%9C%E8%8E%BA-new-york-5?adjust_creative=hgQT7I6pzaJGZpbBfLplFw&utm_campaign=yelp_api_v3&utm_medium=api_v3_business_search&utm_source=hgQT7I6pzaJGZpbBfLplFw,40.71945,-73.9898,1550.9723231600467
DGhWO1sUWydVeR5j5ZZaMw,La Grande Boucherie,4.4,3805,"['French', 'Steakhouses', 'Cocktail Bars']",$$$,"145 W 53rd St New York, NY 10019",+12125107714,https://s3-media3.fl.yelpcdn.com/bphoto/b9URGcuuhnLq7J-__pHIng/o.jpg,https://www.yelp.com/biz/la-grande-boucherie-new-york-2?adjust_creative=hgQT7I6pzaJGZpbBfLplFw&utm_campaign=yelp_api_v3&utm_medium=api_v3_business_search&utm_source=hgQT7I6pzaJGZpbBfLplFw,40.7626274,-73.98084109999999,5932.186539872765
dEOv8_ivdHp85OK_TDQh_g,Da Andrea - Chelsea,4.7,431,"['Italian', 'Wine Bars', 'Cocktail Bars']",$$$,"160 8th Ave New York, NY 10011",+12123545971,https://s3-media1.fl.yelpcdn.com/bphoto/8P1kzXbIAmQU3Qy4wN0dLg/o.jpg,https://www.yelp.com/biz/da-andrea-chelsea-new-york-3?adjust_creative=hgQT7I6pzaJGZpbBfLplFw&utm_campaign=yelp_api_v3&utm_medium=api_v3_business_search&utm_source=hgQT7I6pzaJGZpbBfLplFw,40.742041,-74.000467,3283.400724188747
qEe7nIhPfEL6L0-VYhWRrA,Raku,4.5,1081,"['Japanese', 'Noodles']",$$,"48 Macdougal St New York, NY 10012",+12129894797,https://s3-media1.fl.yelpcdn.com/bphoto/n1Ij-r1JkpHmoRgL-1E_FA/o.jpg,https://www.yelp.com/biz/raku-new-york-6?adjust_creative=hgQT7I6pzaJGZpbBfLplFw&utm_campaign=yelp_api_v3&utm_medium=api_v3_business_search&utm_source=hgQT7I6pzaJGZpbBfLplFw,40.7272479,-74.00253944171621,1632.7880103029854
zRXMvxUX_rOliKZPpkWi_g,Valerie,4.3,1134,"['New American', 'Cocktail Bars']",$$,"45 W 45th St between 5th & 6th Ave New York, NY 10036",+12123024545,https://s3-media3.fl.yelpcdn.com/bphoto/mnH5QFkSMzZgd6P5eSZvvw/o.jpg,https://www.yelp.com/biz/valerie-new-york?adjust_creative=hgQT7I6pzaJGZpbBfLplFw&utm_campaign=yelp_api_v3&utm_medium=api_v3_business_search&utm_source=hgQT7I6pzaJGZpbBfLplFw,40.756326,-73.981117,5278.300202801362
WG639VkTjmK5dzydd1BBJA,Rubirosa,4.3,3507,"['Italian', 'Pizza']",$$,"235 Mulberry St New York, NY 10012",+12129650500,https://s3-media3.fl.yelpcdn.com/bphoto/BYMrcy5GA756PnCd7l0PMg/o.jpg,https://www.yelp.com/biz/rubirosa-new-york-2?adjust_creative=hgQT7I6pzaJGZpbBfLplFw&utm_campaign=yelp_api_v3&utm_medium=api_v3_business_search&utm_source=hgQT7I6pzaJGZpbBfLplFw,40.722766,-73.996233,1380.4351517981459
0CjK3esfpFcxIopebzjFxA,Joe's Shanghai,3.8,7516,"['Shanghainese', 'Seafood', 'Noodles']",$$,"46 Bowery St New York, NY 10013",+12122338888,https://s3-media2.fl.yelpcdn.com/bphoto/ORdfWyMHOtWoL6bYHotsaA/o.jpg,https://www.yelp.com/biz/joes-shanghai-new-york-2?adjust_creative=hgQT7I6pzaJGZpbBfLplFw&utm_campaign=yelp_api_v3&utm_medium=api_v3_business_search&utm_source=hgQT7I6pzaJGZpbBfLplFw,40.7156608,-73.9967012,845.8246664394395
__EvomQ2tE1NtkWn32WEXg,Au Cheval,4.3,1145,"['Burgers', 'New American', 'Cocktail Bars']",$$$,"33 Cortlandt Aly New York, NY 10013",+16463502429,https://s3-media3.fl.yelpcdn.com/bphoto/i3kwsfrNgtxP4L6nJE9lxQ/o.jpg,https://www.yelp.com/biz/au-cheval-new-york-7?adjust_creative=hgQT7I6pzaJGZpbBfLplFw&utm_campaign=yelp_api_v3&utm_medium=api_v3_business_search&utm_source=hgQT7I6pzaJGZpbBfLplFw,40.71812171604106,-74.00196237391103,682.6167225121675
gXgE7myTLwzXpnlfTXlzKQ,Artesano Peruvian Cuisine,4.5,167,"['Peruvian', 'Bars']",N/A,"90 Chambers St New York, NY 10007",+12123720297,https://s3-media1.fl.yelpcdn.com/bphoto/H5o-SESGwQpV_3rzffDkAg/o.jpg,https://www.yelp.com/biz/artesano-peruvian-cuisine-new-york?adjust_creative=hgQT7I6pzaJGZpbBfLplFw&utm_campaign=yelp_api_v3&utm_medium=api_v3_business_search&utm_source=hgQT7I6pzaJGZpbBfLplFw,40.714477664263505,-74.0074549,223.24110290784805
LpVbI-E9C-CSp7WhU5h2Iw,Fishmarket Restaurant,4.3,670,"['Seafood', 'Dive Bars', 'Malaysian']",$$,"111 South St New York, NY 10038",+19173638101,https://s3-media1.fl.yelpcdn.com/bphoto/-rU1vuRmHkzA6nhmoVRHnQ/o.jpg,https://www.yelp.com/biz/fishmarket-restaurant-new-york?adjust_creative=hgQT7I6pzaJGZpbBfLplFw&utm_campaign=yelp_api_v3&utm_medium=api_v3_business_search&utm_source=hgQT7I6pzaJGZpbBfLplFw,40.70717,-74.00192,715.779380559378
f8ipr8Wdy1_wHhw7JgNqPQ,Da Claudio,4.3,680,"['Italian', 'Cocktail Bars', 'Seafood']",$$$,"21 Ann St New York, NY 10038",+12122852668,https://s3-media1.fl.yelpcdn.com/bphoto/Pr50AvB9BqPTqmqTAyUVsA/o.jpg,https://www.yelp.com/biz/da-claudio-new-york?adjust_creative=hgQT7I6pzaJGZpbBfLplFw&utm_campaign=yelp_api_v3&utm_medium=api_v3_business_search&utm_source=hgQT7I6pzaJGZpbBfLplFw,40.71087,-74.00753,245.13336566410536
GTniSQ46cO6SSUN_MbnIrQ,Brickyard Craft Kitchen and Bar,4.3,82,"['Sports Bars', 'American', 'Beer Bar']",N/A,"23 Park Pl New York, NY 10007",+16464490826,https://s3-media1.fl.yelpcdn.com/bphoto/EiwDhPlFwi9wNKRJPSQl7w/o.jpg,https://www.yelp.com/biz/brickyard-craft-kitchen-and-bar-new-york?adjust_creative=hgQT7I6pzaJGZpbBfLplFw&utm_campaign=yelp_api_v3&utm_medium=api_v3_business_search&utm_source=hgQT7I6pzaJGZpbBfLplFw,40.71333659013943,-74.008664,232.32516556322625
MDPs2h6E-BOjE4AJcbjHww,Capoeira Restaurant,4.6,35,"['Brazilian', 'Portuguese', 'Empanadas']",N/A,"24 Mercer St Jersey City, NJ 07302",+19735364146,https://s3-media1.fl.yelpcdn.com/bphoto/j40lGWUiEsnRKzGgjDcpMA/o.jpg,https://www.yelp.com/biz/capoeira-restaurant-jersey-city?adjust_creative=hgQT7I6pzaJGZpbBfLplFw&utm_campaign=yelp_api_v3&utm_medium=api_v3_business_search&utm_source=hgQT7I6pzaJGZpbBfLplFw,40.7182156,-74.04330039999999,3200.8694840477096
8uuMkezIN1c8zGEWkaMRqg,Los Tacos No. 1,4.6,536,['Tacos'],$$,"136 Church St New York, NY 10007",,https://s3-media1.fl.yelpcdn.com/bphoto/qqayz6oH0tAV_pXsDrdBdw/o.jpg,https://www.yelp.com/biz/los-tacos-no-1-new-york-5?adjust_creative=hgQT7I6pzaJGZpbBfLplFw&utm_campaign=yelp_api_v3&utm_medium=api_v3_business_search&utm_source=hgQT7I6pzaJGZpbBfLplFw,40.714321479882344,-74.00872051248906,284.9524437959813
DRitJoNGTkHXZvH_YpLIAw,Marc Forgione,4.3,1055,['New American'],$$$,"30 Hudson St New York, NY 10013",+12129419401,https://s3-media3.fl.yelpcdn.com/bphoto/f_rrhoaW8XBineAC9IsVMA/o.jpg,https://www.yelp.com/biz/marc-forgione-new-york-2?adjust_creative=hgQT7I6pzaJGZpbBfLplFw&utm_campaign=yelp_api_v3&utm_medium=api_v3_business_search&utm_source=hgQT7I6pzaJGZpbBfLplFw,40.71667,-74.00899,496.1891186594536
Q_81mthGMrQM6Qg-QdnOkA,Mikado,4.7,168,['Sushi Bars'],N/A,"164 Pearl St New York, NY 10005",+12128717499,https://s3-media3.fl.yelpcdn.com/bphoto/UFSd49r-Vpb5Ary8k_Ixnw/o.jpg,https://www.yelp.com/biz/mikado-new-york-5?adjust_creative=hgQT7I6pzaJGZpbBfLplFw&utm_campaign=yelp_api_v3&utm_medium=api_v3_business_search&utm_source=hgQT7I6pzaJGZpbBfLplFw,40.70589172111019,-74.0074034,777.2192437046056
3xTQT7qjZJIxc-eBiFMerQ,1803 Nyc,4.2,856,"['Cajun/Creole', 'Seafood', 'Bars']",$$,"82 Reade St New York, NY 10007",+12122673000,https://s3-media4.fl.yelpcdn.com/bphoto/8iS8JCnuMMsP396UwI4FPA/o.jpg,https://www.yelp.com/biz/1803-nyc-new-york?adjust_creative=hgQT7I6pzaJGZpbBfLplFw&utm_campaign=yelp_api_v3&utm_medium=api_v3_business_search&utm_source=hgQT7I6pzaJGZpbBfLplFw,40.715498,-74.007178,316.00579193208375
xKIv_b2L2pUHmsoJ-xOepg,Gran Morsi,4.4,562,"['Italian', 'Venues & Event Spaces', 'Cocktail Bars']",$$$,"22 Warren St New York, NY 10007",+12125772725,https://s3-media3.fl.yelpcdn.com/bphoto/GpR9eqovfF0zHQ6BgnbvcA/o.jpg,https://www.yelp.com/biz/gran-morsi-new-york?adjust_creative=hgQT7I6pzaJGZpbBfLplFw&utm_campaign=yelp_api_v3&utm_medium=api_v3_business_search&utm_source=hgQT7I6pzaJGZpbBfLplFw,40.714312,-74.007791,225.2726352097143
SXWnyFNLCehVlJPRxk7gAg,Anejo Tribeca,4.1,727,"['Mexican', 'Tapas/Small Plates', 'Tapas Bars']",$$,"301 Church St New York, NY 10013",+12129206270,https://s3-media2.fl.yelpcdn.com/bphoto/Ioqom9jux9mVLAEDehphPw/o.jpg,https://www.yelp.com/biz/anejo-tribeca-new-york-3?adjust_creative=hgQT7I6pzaJGZpbBfLplFw&utm_campaign=yelp_api_v3&utm_medium=api_v3_business_search&utm_source=hgQT7I6pzaJGZpbBfLplFw,40.71931499731559,-74.00427174111186,738.9321263510236
5CuYWr0-cE01HxlBu5Ka6g,Carne Mare,4.4,323,"['Steakhouses', 'Italian', 'Seafood']",N/A,"89 South St Pier 17 New York, NY 10038",+12122804600,https://s3-media1.fl.yelpcdn.com/bphoto/VfiEm7YTS9cRuzaZnRk_0Q/o.jpg,https://www.yelp.com/biz/carne-mare-new-york-5?adjust_creative=hgQT7I6pzaJGZpbBfLplFw&utm_campaign=yelp_api_v3&utm_medium=api_v3_business_search&utm_source=hgQT7I6pzaJGZpbBfLplFw,40.70568649199326,-74.00218961453646,853.7035132493547
RyOzZ9YGJ3GlGj6PEyQmaQ,Huso,4.8,87,"['Wine Bars', 'Seafood']",$$$,"323A Greenwich St New York, NY 10013",+12122880850,https://s3-media3.fl.yelpcdn.com/bphoto/0ZvFCvwrJ0YBSGxm9AOjgQ/o.jpg,https://www.yelp.com/biz/huso-new-york-3?adjust_creative=hgQT7I6pzaJGZpbBfLplFw&utm_campaign=yelp_api_v3&utm_medium=api_v3_business_search&utm_source=hgQT7I6pzaJGZpbBfLplFw,40.717340414193686,-74.010442,628.5327886560148
ETgJqJHV7BW6pIr9Ox74sA,Amélie,4.3,2976,"['French', 'Wine Bars']",$$$,"22 W 8th St New York, NY 10011",+12125332962,https://s3-media4.fl.yelpcdn.com/bphoto/cSDgVuPMnJgMLTrTNSEXug/o.jpg,https://www.yelp.com/biz/am%C3%A9lie-new-york?adjust_creative=hgQT7I6pzaJGZpbBfLplFw&utm_campaign=yelp_api_v3&utm_medium=api_v3_business_search&utm_source=hgQT7I6pzaJGZpbBfLplFw,40.7327,-73.99766,2316.301388063922
IsL7iowOZXZ5i8G5RgQgRA,Dim Sum Palace,4.0,66,"['Dim Sum', 'Cantonese', 'Seafood']",$$,"123 William St New York, NY 10038",+12129019760,https://s3-media2.fl.yelpcdn.com/bphoto/17cmmuEBn6NZJLpq6xjbbQ/o.jpg,https://www.yelp.com/biz/dim-sum-palace-new-york-17?adjust_creative=hgQT7I6pzaJGZpbBfLplFw&utm_campaign=yelp_api_v3&utm_medium=api_v3_business_search&utm_source=hgQT7I6pzaJGZpbBfLplFw,40.70933446702987,-74.00682738550027,391.6086939947026
hNFe8WhCibrqT4sFcZmAgw,Kong Sihk Tong 港食堂,4.2,949,"['Chinese', 'Hong Kong Style Cafe']",$$,"65 Bayard St New York, NY 10013",+16468506140,https://s3-media1.fl.yelpcdn.com/bphoto/S9pXbhbanRRNjDg3DffhBQ/o.jpg,https://www.yelp.com/biz/kong-sihk-tong-%E6%B8%AF%E9%A3%9F%E5%A0%82-new-york?adjust_creative=hgQT7I6pzaJGZpbBfLplFw&utm_campaign=yelp_api_v3&utm_medium=api_v3_business_search&utm_source=hgQT7I6pzaJGZpbBfLplFw,40.715433714742154,-73.9981186386701,725.9539599010993
FTgaIRluLuqHcJ_bA_Pudw,Odd Sister,4.3,76,"['Cocktail Bars', 'Diners', 'Coffee & Tea']",N/A,"45 Mercer St New York, NY 10013",+12129669288,https://s3-media1.fl.yelpcdn.com/bphoto/ndvpAsdxYMlShnUM1B-kUw/o.jpg,https://www.yelp.com/biz/odd-sister-new-york-2?adjust_creative=hgQT7I6pzaJGZpbBfLplFw&utm_campaign=yelp_api_v3&utm_medium=api_v3_business_search&utm_source=hgQT7I6pzaJGZpbBfLplFw,40.721695,-74.001446,1061.0762091645108
aWkekCYI9zNA6xDwYEtYpg,Golden Wuish The Duck House,4.3,205,"['Asian Fusion', 'Dim Sum', 'Cocktail Bars']",$$$,"6 Platt St New York, NY 10038",+12122739296,https://s3-media4.fl.yelpcdn.com/bphoto/iYk9-38mJPWwYaZajB8O7Q/o.jpg,https://www.yelp.com/biz/golden-wuish-the-duck-house-new-york?adjust_creative=hgQT7I6pzaJGZpbBfLplFw&utm_campaign=yelp_api_v3&utm_medium=api_v3_business_search&utm_source=hgQT7I6pzaJGZpbBfLplFw,40.707324,-74.006407,609.0401944227774
2LIH5ipzCCtVx_myIkZrtQ,Mezze on the River,4.2,223,"['Seafood', 'Mediterranean']",$$$,"375 S End Ave New York, NY 10280",+12124321451,https://s3-media4.fl.yelpcdn.com/bphoto/Nen_xsvLgfnehYz4E_BsWQ/o.jpg,https://www.yelp.com/biz/mezze-on-the-river-new-york?adjust_creative=hgQT7I6pzaJGZpbBfLplFw&utm_campaign=yelp_api_v3&utm_medium=api_v3_business_search&utm_source=hgQT7I6pzaJGZpbBfLplFw,40.7112473,-74.0176642,998.1666774519243
AEHojbCPCrIhTko7olaqTg,Lil Chef Mama,4.4,186,['Thai'],$$,"27 Cliff St New York, NY 10038",+16469645555,https://s3-media2.fl.yelpcdn.com/bphoto/oYkWIojuUTi-zIBCrrcg3A/o.jpg,https://www.yelp.com/biz/lil-chef-mama-new-york?adjust_creative=hgQT7I6pzaJGZpbBfLplFw&utm_campaign=yelp_api_v3&utm_medium=api_v3_business_search&utm_source=hgQT7I6pzaJGZpbBfLplFw,40.708453,-74.005321,489.2908468541661
FlZ1zdVEKWv7dwqm8Uw8-w,Raku,4.4,1745,"['Japanese', 'Noodles']",$$,"342 E 6th St New York, NY 10003",+12122281324,https://s3-media4.fl.yelpcdn.com/bphoto/dnK1LeMWtP-mjvbneT8UJw/o.jpg,https://www.yelp.com/biz/raku-new-york-7?adjust_creative=hgQT7I6pzaJGZpbBfLplFw&utm_campaign=yelp_api_v3&utm_medium=api_v3_business_search&utm_source=hgQT7I6pzaJGZpbBfLplFw,40.7264988089246,-73.9866526052356,2231.3293284643355
PvDWGODaoY7vMQtehw36oA,KOBA Korean BBQ,4.4,30,"['Barbeque', 'Fast Food', 'Korean']",$$,"136 William St New York, NY 10038",+16466492511,https://s3-media1.fl.yelpcdn.com/bphoto/hSQT4a_vSfRn-IkTwPPc8A/o.jpg,https://www.yelp.com/biz/koba-korean-bbq-new-york-4?adjust_creative=hgQT7I6pzaJGZpbBfLplFw&utm_campaign=yelp_api_v3&utm_medium=api_v3_business_search&utm_source=hgQT7I6pzaJGZpbBfLplFw,40.709284,-74.006446,396.14471519270097
d8zSYpArh4oXpxeJWNA4Pg,Nish Nush,4.4,845,"['Vegetarian', 'Moroccan', 'Greek']",$$,"88 Reade St New York, NY 10013",+12129641318,https://s3-media2.fl.yelpcdn.com/bphoto/KrdZ7KChtbIra0x5J46Xfg/o.jpg,https://www.yelp.com/biz/nish-nush-new-york?adjust_creative=hgQT7I6pzaJGZpbBfLplFw&utm_campaign=yelp_api_v3&utm_medium=api_v3_business_search&utm_source=hgQT7I6pzaJGZpbBfLplFw,40.715688,-74.007695,351.47338191523517
rFeNJtqgMWf2tWy-RB6jgg,Torrisi,4.5,318,['Italian'],$$$$,"275 Mulberry St New York, NY 10012",+12122543000,https://s3-media3.fl.yelpcdn.com/bphoto/XUKfmmGfTZScYlo9auX2Ew/o.jpg,https://www.yelp.com/biz/torrisi-new-york-2?adjust_creative=hgQT7I6pzaJGZpbBfLplFw&utm_campaign=yelp_api_v3&utm_medium=api_v3_business_search&utm_source=hgQT7I6pzaJGZpbBfLplFw,40.72428598821748,-73.9954023,1558.4928782276465
hvrQQ0YWqgw0__OnofqXag,Kuu,4.0,877,"['Ramen', 'Noodles', 'Soup']",$$,"20 John St New York, NY 10038",+12125717177,https://s3-media2.fl.yelpcdn.com/bphoto/65Zpr04xSWEZdb9d3hYuKw/o.jpg,https://www.yelp.com/biz/kuu-new-york-2?adjust_creative=hgQT7I6pzaJGZpbBfLplFw&utm_campaign=yelp_api_v3&utm_medium=api_v3_business_search&utm_source=hgQT7I6pzaJGZpbBfLplFw,40.709738,-74.008966,423.1956603560638
MDjmE0hwZe0qLFaesCrnKQ,Argo Tribeca,4.5,38,"['Mediterranean', 'Greek']",N/A,"181 Duane St New York, NY 10013",+16466494149,https://s3-media4.fl.yelpcdn.com/bphoto/20vj5gmH-aHUnqSULw4F6g/o.jpg,https://www.yelp.com/biz/argo-tribeca-new-york?adjust_creative=hgQT7I6pzaJGZpbBfLplFw&utm_campaign=yelp_api_v3&utm_medium=api_v3_business_search&utm_source=hgQT7I6pzaJGZpbBfLplFw,40.71755,-74.01013,633.9138143918437
0GN6l4FAknTFSWZhEan45A,GunBae Tribeca,4.3,562,"['Korean', 'Karaoke', 'Barbeque']",$$$,"67 Murray St New York, NY 10007",+12123212500,https://s3-media2.fl.yelpcdn.com/bphoto/Kd6ofznyCo3fhm5UXt_a1A/o.jpg,https://www.yelp.com/biz/gunbae-tribeca-new-york?adjust_creative=hgQT7I6pzaJGZpbBfLplFw&utm_campaign=yelp_api_v3&utm_medium=api_v3_business_search&utm_source=hgQT7I6pzaJGZpbBfLplFw,40.71463608348523,-74.0103000899869,415.97445484400134
WJS06XxRdc6DD1s4LWE9HA,Fish Cheeks,4.4,1755,"['Seafood', 'Thai', 'Live/Raw Food']",$$,"55 Bond St New York, NY 10012",+12126772223,https://s3-media2.fl.yelpcdn.com/bphoto/pqupe3fe52869QQ23KkiBg/o.jpg,https://www.yelp.com/biz/fish-cheeks-new-york?adjust_creative=hgQT7I6pzaJGZpbBfLplFw&utm_campaign=yelp_api_v3&utm_medium=api_v3_business_search&utm_source=hgQT7I6pzaJGZpbBfLplFw,40.7258,-73.9927,1819.2611301059226
6ZYJ5iiTi6KqRCOigqY7iw,Cedar Local,4.0,177,"['Cocktail Bars', 'New American', 'Venues & Event Spaces']",$$,"25 Cedar St New York, NY 10005",+12123443467,https://s3-media3.fl.yelpcdn.com/bphoto/Eiqg8sTMewzGhFUsfHlJaA/o.jpg,https://www.yelp.com/biz/cedar-local-new-york?adjust_creative=hgQT7I6pzaJGZpbBfLplFw&utm_campaign=yelp_api_v3&utm_medium=api_v3_business_search&utm_source=hgQT7I6pzaJGZpbBfLplFw,40.707047,-74.008054,659.1594784918689
Bn25orKr4DP_Onk3iS-QZw,Mắm,4.3,139,['Vietnamese'],N/A,"70 Forsyth St New York, NY 10002",,https://s3-media1.fl.yelpcdn.com/bphoto/E8dvBeRP-43EX9sfJBbGFQ/o.jpg,https://www.yelp.com/biz/m%E1%BA%AFm-new-york-2?adjust_creative=hgQT7I6pzaJGZpbBfLplFw&utm_campaign=yelp_api_v3&utm_medium=api_v3_business_search&utm_source=hgQT7I6pzaJGZpbBfLplFw,40.71704,-73.99338,1171.9732964318423
-XYp6w50XbZfS90YddS5ew,Soothr,4.5,1545,"['Thai', 'Noodles', 'Cocktail Bars']",$$,"204 E 13th St New York, NY 10003",+12128449789,https://s3-media3.fl.yelpcdn.com/bphoto/X7_5gV9ePGMq8ogKSKMuNA/o.jpg,https://www.yelp.com/biz/soothr-new-york-2?adjust_creative=hgQT7I6pzaJGZpbBfLplFw&utm_campaign=yelp_api_v3&utm_medium=api_v3_business_search&utm_source=hgQT7I6pzaJGZpbBfLplFw,40.732259,-73.987363,2678.562379896751
WyJOEcbuRfcWXYwqaDup_g,ONDO Jersey City,4.4,248,['Korean'],$$$,"3 2nd St Jersey City, NJ 07302",+12017216771,https://s3-media3.fl.yelpcdn.com/bphoto/xSdNT_MiWja0SZTPRy1lOw/o.jpg,https://www.yelp.com/biz/ondo-jersey-city-jersey-city?adjust_creative=hgQT7I6pzaJGZpbBfLplFw&utm_campaign=yelp_api_v3&utm_medium=api_v3_business_search&utm_source=hgQT7I6pzaJGZpbBfLplFw,40.72084,-74.03199,2392.726233015475
B3_K2kUVbYOU0VaLcj_LTw,Thai Villa,4.4,5140,['Thai'],$$,"5 E 19th St G Floor New York, NY 10003",+12128029999,https://s3-media2.fl.yelpcdn.com/bphoto/PYopFnTm-C0yA-v0lePQcQ/o.jpg,https://www.yelp.com/biz/thai-villa-new-york-2?adjust_creative=hgQT7I6pzaJGZpbBfLplFw&utm_campaign=yelp_api_v3&utm_medium=api_v3_business_search&utm_source=hgQT7I6pzaJGZpbBfLplFw,40.73902,-73.99065,3187.9104296238825
29vdYkOQUJ8641RvABAUWA,Lindens,4.7,177,['New American'],N/A,"2 Renwick St New York, NY 10013",+19295957706,https://s3-media1.fl.yelpcdn.com/bphoto/kX6QHMFmFGJ5txpm4JjDkQ/o.jpg,https://www.yelp.com/biz/lindens-new-york?adjust_creative=hgQT7I6pzaJGZpbBfLplFw&utm_campaign=yelp_api_v3&utm_medium=api_v3_business_search&utm_source=hgQT7I6pzaJGZpbBfLplFw,40.72418,-74.00837,1321.32755622833
liZmIO0FqZwslLJfLDkfgw,Wayla,4.4,724,['Thai'],$$$,"100 Forsyth St Basement New York, NY 10002",+12122062500,https://s3-media2.fl.yelpcdn.com/bphoto/u17PWWBYzqe3p1uEPgKVuQ/o.jpg,https://www.yelp.com/biz/wayla-new-york?adjust_creative=hgQT7I6pzaJGZpbBfLplFw&utm_campaign=yelp_api_v3&utm_medium=api_v3_business_search&utm_source=hgQT7I6pzaJGZpbBfLplFw,40.7183,-73.9926038,1284.0404858576817
abNHO9-xlCsv31gghCUuxw,Zutto Japanese American Pub,4.0,1130,"['Sushi Bars', 'Ramen', 'Cocktail Bars']",$$,"77 Hudson St New York, NY 10013",+12122333287,https://s3-media3.fl.yelpcdn.com/bphoto/kNweT2aeDRtRl65SJf-LWQ/o.jpg,https://www.yelp.com/biz/zutto-japanese-american-pub-new-york-2?adjust_creative=hgQT7I6pzaJGZpbBfLplFw&utm_campaign=yelp_api_v3&utm_medium=api_v3_business_search&utm_source=hgQT7I6pzaJGZpbBfLplFw,40.71847,-74.00903,682.9573863520218
P2CTp4xyaNCe2AXSiLeOSQ,The Odeon,3.9,834,"['New American', 'French', 'Italian']",$$$,"145 W Broadway New York, NY 10013",+12122330507,https://s3-media2.fl.yelpcdn.com/bphoto/7RjddI-pTOVvnkO2ihMq6Q/o.jpg,https://www.yelp.com/biz/the-odeon-new-york?adjust_creative=hgQT7I6pzaJGZpbBfLplFw&utm_campaign=yelp_api_v3&utm_medium=api_v3_business_search&utm_source=hgQT7I6pzaJGZpbBfLplFw,40.71692,-74.00792,483.26597115549777
9fG8-RRh1rzuCKN2TmF-QQ,5ive Spice,4.6,903,"['Vietnamese', 'Tacos', 'Sandwiches']",$$,"227 Mulberry St New York, NY 10012",+19174092605,https://s3-media3.fl.yelpcdn.com/bphoto/-wN4V3HQZBorFWzESdzdUA/o.jpg,https://www.yelp.com/biz/5ive-spice-new-york-2?adjust_creative=hgQT7I6pzaJGZpbBfLplFw&utm_campaign=yelp_api_v3&utm_medium=api_v3_business_search&utm_source=hgQT7I6pzaJGZpbBfLplFw,40.722598,-73.996272,1368.7236663796878
XgiG7K7ubHsj2JJ-c2sXnw,Thai Diner,4.2,1050,['Thai'],$$,"186 Mott St New York, NY 10012",+16465594140,https://s3-media4.fl.yelpcdn.com/bphoto/QWKM-bCk8E-xUlwZmFb8sA/o.jpg,https://www.yelp.com/biz/thai-diner-new-york?adjust_creative=hgQT7I6pzaJGZpbBfLplFw&utm_campaign=yelp_api_v3&utm_medium=api_v3_business_search&utm_source=hgQT7I6pzaJGZpbBfLplFw,40.72071042964739,-73.9956057,1241.4161605662082
3cC6UcOj_-FMXRBYlsXFzA,Two Hands,3.8,407,"['Breakfast & Brunch', 'Australian', 'Cocktail Bars']",$$,"251 Church St New York, NY 10013",+16467185619,https://s3-media3.fl.yelpcdn.com/bphoto/fMTaLeghLtk_rTIWGKevJQ/o.jpg,https://www.yelp.com/biz/two-hands-new-york-4?adjust_creative=hgQT7I6pzaJGZpbBfLplFw&utm_campaign=yelp_api_v3&utm_medium=api_v3_business_search&utm_source=hgQT7I6pzaJGZpbBfLplFw,40.71782,-74.00547,558.5316698714519
C9BjYm4WyoQFPQUHmBErDg,Bird Dog,4.4,288,"['Southern', 'Tuscan']",N/A,"525 Hudson St New York, NY 10014",+19172614221,https://s3-media4.fl.yelpcdn.com/bphoto/qGx92pK2wJPQH3gNgkDomw/o.jpg,https://www.yelp.com/biz/bird-dog-new-york?adjust_creative=hgQT7I6pzaJGZpbBfLplFw&utm_campaign=yelp_api_v3&utm_medium=api_v3_business_search&utm_source=hgQT7I6pzaJGZpbBfLplFw,40.733983,-74.006549,2355.8938336272354
qBGKigOGn_flCx1apxPzlA,Piccola Cucina Osteria,4.3,864,['Italian'],$$,"196 Spring St New York, NY 10012",+16464787488,https://s3-media2.fl.yelpcdn.com/bphoto/f6uIHdG6wbkoq1DWvB41zQ/o.jpg,https://www.yelp.com/biz/piccola-cucina-osteria-new-york-2?adjust_creative=hgQT7I6pzaJGZpbBfLplFw&utm_campaign=yelp_api_v3&utm_medium=api_v3_business_search&utm_source=hgQT7I6pzaJGZpbBfLplFw,40.72503127956934,-74.0032820972858,1379.2082489420734
h37t9rA06Sr4EetJjKrfzw,Don Angie,4.5,961,"['Italian', 'New American']",$$$,"103 Greenwich Ave New York, NY 10014",+12128898884,https://s3-media2.fl.yelpcdn.com/bphoto/onJX6_vaMPHXUqIbMrq79A/o.jpg,https://www.yelp.com/biz/don-angie-new-york?adjust_creative=hgQT7I6pzaJGZpbBfLplFw&utm_campaign=yelp_api_v3&utm_medium=api_v3_business_search&utm_source=hgQT7I6pzaJGZpbBfLplFw,40.73778,-74.00197,2800.105952593144
vHiDa0O3qAYK3P8fV-nNJw,Paros,3.8,39,['Greek'],N/A,"211 W Broadway New York, NY 10013",+12125107453,https://s3-media2.fl.yelpcdn.com/bphoto/2I8O67SAgYObu1d0ZZK3AQ/o.jpg,https://www.yelp.com/biz/paros-new-york?adjust_creative=hgQT7I6pzaJGZpbBfLplFw&utm_campaign=yelp_api_v3&utm_medium=api_v3_business_search&utm_source=hgQT7I6pzaJGZpbBfLplFw,40.718983,-74.006227,680.0544594435477
gNGxh97n0NZgYG1Q_no9Kg,Potluck Club 佰樂,4.4,442,"['Cantonese', 'Asian Fusion']",N/A,"133 Chrystie St New York, NY 10002",,https://s3-media3.fl.yelpcdn.com/bphoto/DBJdASugyBuwOd9Qfu3gIQ/o.jpg,https://www.yelp.com/biz/potluck-club-%E4%BD%B0%E6%A8%82-new-york?adjust_creative=hgQT7I6pzaJGZpbBfLplFw&utm_campaign=yelp_api_v3&utm_medium=api_v3_business_search&utm_source=hgQT7I6pzaJGZpbBfLplFw,40.719588,-73.993519,1293.7341411641416
_ikAduS3A3h0o0ne1-ViOA,London & Martin,4.4,45,"['Gastropubs', 'Bars', 'Venues & Event Spaces']",N/A,"6 Stone St New York, NY 10004",+16463701330,https://s3-media3.fl.yelpcdn.com/bphoto/J3Y1JSrN-pGeF5riRDHCMA/o.jpg,https://www.yelp.com/biz/london-and-martin-new-york?adjust_creative=hgQT7I6pzaJGZpbBfLplFw&utm_campaign=yelp_api_v3&utm_medium=api_v3_business_search&utm_source=hgQT7I6pzaJGZpbBfLplFw,40.70396227151994,-74.01242195619244,1121.9317210319532
A0saPXtRGKl-SVJGQyQAOw,Brooklyn Chop House,3.9,1064,"['Dim Sum', 'Steakhouses', 'Asian Fusion']",$$$$,"150 Nassau St New York, NY 10038",+12126191200,https://s3-media2.fl.yelpcdn.com/bphoto/O6khKVEW_1lWResFFrjgeg/o.jpg,https://www.yelp.com/biz/brooklyn-chop-house-new-york-3?adjust_creative=hgQT7I6pzaJGZpbBfLplFw&utm_campaign=yelp_api_v3&utm_medium=api_v3_business_search&utm_source=hgQT7I6pzaJGZpbBfLplFw,40.71151,-74.00597,148.8175592285828
OCTiJwvjoK81WoDwsTkFvA,Paesano of Mulberry Street,4.1,1636,"['Italian', 'Salad', 'Seafood']",$$,"136 Mulberry St New York, NY 10013",+12129651188,https://s3-media2.fl.yelpcdn.com/bphoto/yN9ARCE3LF6u9E0yN5WpIw/o.jpg,https://www.yelp.com/biz/paesano-of-mulberry-street-new-york?adjust_creative=hgQT7I6pzaJGZpbBfLplFw&utm_campaign=yelp_api_v3&utm_medium=api_v3_business_search&utm_source=hgQT7I6pzaJGZpbBfLplFw,40.718554,-73.997447,963.8426136731072
xtxcAUvrD4dWHJd0cwvW1A,JeJu Noodle Bar,4.2,1166,"['Korean', 'Noodles', 'Wine Bars']",$$,"679 Greenwich St New York, NY 10014",+16466660947,https://s3-media1.fl.yelpcdn.com/bphoto/ZidoC0OZwy1tHek4HDWb4w/o.jpg,https://www.yelp.com/biz/jeju-noodle-bar-new-york?adjust_creative=hgQT7I6pzaJGZpbBfLplFw&utm_campaign=yelp_api_v3&utm_medium=api_v3_business_search&utm_source=hgQT7I6pzaJGZpbBfLplFw,40.73304,-74.00734,2252.0667902486007
FiRB9Ek3Xo9JHwXgBYITYg,La Sirene,4.3,1753,"['French', 'Wine Bars', 'Fondue']",$$$,"558 Broome St New York, NY 10013",+12129253061,https://s3-media2.fl.yelpcdn.com/bphoto/SZ-6h01gIUcEZDbwigc_KA/o.jpg,https://www.yelp.com/biz/la-sirene-new-york-4?adjust_creative=hgQT7I6pzaJGZpbBfLplFw&utm_campaign=yelp_api_v3&utm_medium=api_v3_business_search&utm_source=hgQT7I6pzaJGZpbBfLplFw,40.7243642217227,-74.005708694458,1286.1156997310507
E_Rxnmim6J2ECFtU0QGlsQ,Uncle Lou 快樂人,4.2,543,['Cantonese'],$$,"73 Mulberry St New York, NY 10013",+12129665538,https://s3-media4.fl.yelpcdn.com/bphoto/o04zoB_kFAJLmKslfZRQKA/o.jpg,https://www.yelp.com/biz/uncle-lou-%E5%BF%AB%E6%A8%82%E4%BA%BA-new-york-3?adjust_creative=hgQT7I6pzaJGZpbBfLplFw&utm_campaign=yelp_api_v3&utm_medium=api_v3_business_search&utm_source=hgQT7I6pzaJGZpbBfLplFw,40.716284,-73.99939,679.5114585245167
qY1o1MhoRyN84RRhUJtvpQ,Her Name Is Han,4.3,2114,"['Korean', 'Breakfast & Brunch']",$$,"17 E 31st St New York, NY 10016",+12127799990,https://s3-media4.fl.yelpcdn.com/bphoto/yTJ5aCvzs0nMfDUUzHK1XQ/o.jpg,https://www.yelp.com/biz/her-name-is-han-new-york-3?adjust_creative=hgQT7I6pzaJGZpbBfLplFw&utm_campaign=yelp_api_v3&utm_medium=api_v3_business_search&utm_source=hgQT7I6pzaJGZpbBfLplFw,40.7462615966797,-73.984733581543,4124.777342634246
jjJc_CrkB2HodEinB6cWww,LoveMama,4.4,6942,"['Thai', 'Malaysian', 'Vietnamese']",$$,"174 2nd Ave New York, NY 10003",+12122545370,https://s3-media1.fl.yelpcdn.com/bphoto/bLlFKTlVuLfmF-lIDGIjZA/o.jpg,https://www.yelp.com/biz/lovemama-new-york?adjust_creative=hgQT7I6pzaJGZpbBfLplFw&utm_campaign=yelp_api_v3&utm_medium=api_v3_business_search&utm_source=hgQT7I6pzaJGZpbBfLplFw,40.730387,-73.986093,2578.2227180316754
6eqrk1wCQMww_ejze5gvsg,Forsythia,4.3,192,['Italian'],$$$$,"9 Stanton St New York, NY 10002",+16465900609,https://s3-media1.fl.yelpcdn.com/bphoto/d3047eBMAZCEK3ADFVLN_Q/o.jpg,https://www.yelp.com/biz/forsythia-new-york-3?adjust_creative=hgQT7I6pzaJGZpbBfLplFw&utm_campaign=yelp_api_v3&utm_medium=api_v3_business_search&utm_source=hgQT7I6pzaJGZpbBfLplFw,40.7225353,-73.992492,1570.9430269143184
_EBQhV-UQ7NoV66uXYH0dw,Golden Diner,4.3,795,"['Diners', 'Breakfast & Brunch', 'Sandwiches']",$$,"123 Madison St New York, NY 10002",+19174727800,https://s3-media4.fl.yelpcdn.com/bphoto/5c1hox9kAg_XzXFMAOqwZQ/o.jpg,https://www.yelp.com/biz/golden-diner-new-york-2?adjust_creative=hgQT7I6pzaJGZpbBfLplFw&utm_campaign=yelp_api_v3&utm_medium=api_v3_business_search&utm_source=hgQT7I6pzaJGZpbBfLplFw,40.71244,-73.994,990.0392697341506
pk89jzL1RsE9U0thf_z6tw,Locanda Verde,3.9,1920,"['Italian', 'Cocktail Bars', 'Breakfast & Brunch']",$$$,"377 Greenwich St New York, NY 10013",+12129253797,https://s3-media2.fl.yelpcdn.com/bphoto/kg1U5XUE7PqGuvmCP59s8g/o.jpg,https://www.yelp.com/biz/locanda-verde-new-york-6?adjust_creative=hgQT7I6pzaJGZpbBfLplFw&utm_campaign=yelp_api_v3&utm_medium=api_v3_business_search&utm_source=hgQT7I6pzaJGZpbBfLplFw,40.7198601300801,-74.010039072422,855.6774978580057
VvsZAnEwU4c8Xkyrzx05Nw,Anytime Kitchen ,4.6,3117,"['Korean', 'Tapas/Small Plates', 'Barbeque']",$$,"23 W 32nd St Fl 3 New York, NY 10001",+16466697733,https://s3-media2.fl.yelpcdn.com/bphoto/q9USNL58Hz3WcQhY8VPB4Q/o.jpg,https://www.yelp.com/biz/anytime-kitchen-new-york-2?adjust_creative=hgQT7I6pzaJGZpbBfLplFw&utm_campaign=yelp_api_v3&utm_medium=api_v3_business_search&utm_source=hgQT7I6pzaJGZpbBfLplFw,40.74776270790539,-73.9867793576711,4211.533159205577
r4SazXX-ISikdRYWbH-HAg,Hudson & Co,3.8,869,"['Gastropubs', 'New American', 'Cocktail Bars']",$$$,"3 2nd St Jersey City, NJ 07302",+12016857330,https://s3-media1.fl.yelpcdn.com/bphoto/sOFtqrSKKq5nkB-xPYq4Lw/o.jpg,https://www.yelp.com/biz/hudson-and-co-jersey-city?adjust_creative=hgQT7I6pzaJGZpbBfLplFw&utm_campaign=yelp_api_v3&utm_medium=api_v3_business_search&utm_source=hgQT7I6pzaJGZpbBfLplFw,40.720988,-74.031573,2339.688408061738
n7hfvvUtzeaLwKCGVegALQ,Konban,4.4,313,['Izakaya'],N/A,"311 W 17th St New York, NY 10011",+19176756070,https://s3-media2.fl.yelpcdn.com/bphoto/dyXsR_fLCaCMr9cQ-ObcHQ/o.jpg,https://www.yelp.com/biz/konban-new-york?adjust_creative=hgQT7I6pzaJGZpbBfLplFw&utm_campaign=yelp_api_v3&utm_medium=api_v3_business_search&utm_source=hgQT7I6pzaJGZpbBfLplFw,40.741979,-74.001592,3270.127140014643
fuS39acPaRi38DhSSwEI4Q,Felice 15 Gold,4.1,500,"['Wine Bars', 'Tuscan']",$$$,"15 Gold St New York, NY 10038",+12127855950,https://s3-media2.fl.yelpcdn.com/bphoto/LytdPT6ucfG6CjbJoiQIdQ/o.jpg,https://www.yelp.com/biz/felice-15-gold-new-york?adjust_creative=hgQT7I6pzaJGZpbBfLplFw&utm_campaign=yelp_api_v3&utm_medium=api_v3_business_search&utm_source=hgQT7I6pzaJGZpbBfLplFw,40.70789,-74.00712,555.1258178821292
kG3jahpYUH_fSMnf3wO64Q,Susukino Ramen,4.5,85,['Ramen'],N/A,"34 Water St New York, NY 10004",+12128846191,https://s3-media1.fl.yelpcdn.com/bphoto/TEjq-SOnvV5RUUxutZAWOw/o.jpg,https://www.yelp.com/biz/susukino-ramen-new-york-2?adjust_creative=hgQT7I6pzaJGZpbBfLplFw&utm_campaign=yelp_api_v3&utm_medium=api_v3_business_search&utm_source=hgQT7I6pzaJGZpbBfLplFw,40.70335803825801,-74.0108512266325,1126.7176470910545
cJ837cA4SILruB3ArOZiSw,Bourbon and Branch,4.4,168,"['Bars', 'Venues & Event Spaces', 'American']",N/A,"155 W 33rd St New York, NY 10001",+19294194951,https://s3-media4.fl.yelpcdn.com/bphoto/fcnNvy1CzDpKFcSO5rApJg/o.jpg,https://www.yelp.com/biz/bourbon-and-branch-new-york-city?adjust_creative=hgQT7I6pzaJGZpbBfLplFw&utm_campaign=yelp_api_v3&utm_medium=api_v3_business_search&utm_source=hgQT7I6pzaJGZpbBfLplFw,40.75030160000001,-73.9904585,4370.771725006782
M7KW96iW-c9FGKkkDC25OQ,Tara Kitchen - Tribeca New York,4.2,64,"['Moroccan', 'Mediterranean', 'Seafood']",N/A,"253 Church St New York, NY 10013",+12122264400,https://s3-media2.fl.yelpcdn.com/bphoto/Fiya13vZ-k0al4J6Aah_EA/o.jpg,https://www.yelp.com/biz/tara-kitchen-tribeca-new-york-new-york?adjust_creative=hgQT7I6pzaJGZpbBfLplFw&utm_campaign=yelp_api_v3&utm_medium=api_v3_business_search&utm_source=hgQT7I6pzaJGZpbBfLplFw,40.71791,-74.00539,566.2982984926325
NKDhtsMu8ChtWlHFmbyHtA,Gran Via,4.6,14,"['Tapas Bars', 'Spanish', 'Beer, Wine & Spirits']",N/A,"57 Stone St New York, NY 10004",,https://s3-media2.fl.yelpcdn.com/bphoto/ryoaJoJyVsbSDRmRdqn9lw/o.jpg,https://www.yelp.com/biz/gran-via-new-york?adjust_creative=hgQT7I6pzaJGZpbBfLplFw&utm_campaign=yelp_api_v3&utm_medium=api_v3_business_search&utm_source=hgQT7I6pzaJGZpbBfLplFw,40.7044409554021,-74.01017556461801,993.8868846106545
gZz9A8k8ORC_xl0aHxtY4w,Monkey Bar,4.3,227,"['American', 'Bars']",N/A,"60 E 54th St New York, NY 10022",+12124040365,https://s3-media2.fl.yelpcdn.com/bphoto/M5q-Iab3juzcaIKswq07Gw/o.jpg,https://www.yelp.com/biz/monkey-bar-new-york-4?adjust_creative=hgQT7I6pzaJGZpbBfLplFw&utm_campaign=yelp_api_v3&utm_medium=api_v3_business_search&utm_source=hgQT7I6pzaJGZpbBfLplFw,40.75998,-73.97313,5920.345813626632
Qx49DVF9N3E3RAHxOQ-9DQ,Pho Maiden Lane,4.4,23,['Vietnamese'],N/A,"3 Maiden Ln New York, NY 10038",+16464490247,https://s3-media2.fl.yelpcdn.com/bphoto/bgGytZIfequ294aNmF4zFQ/o.jpg,https://www.yelp.com/biz/pho-maiden-lane-new-york?adjust_creative=hgQT7I6pzaJGZpbBfLplFw&utm_campaign=yelp_api_v3&utm_medium=api_v3_business_search&utm_source=hgQT7I6pzaJGZpbBfLplFw,40.70973701386723,-74.0095994,456.1138566639098
ohLIPmzTysowInbte9XhMw,The Malt House,3.9,667,"['Gastropubs', 'Pubs', 'Breakfast & Brunch']",$$,"9 Maiden Ln New York, NY 10038",+16466827577,https://s3-media4.fl.yelpcdn.com/bphoto/LJGHonyJ1_0awvWEwlJ0ZQ/o.jpg,https://www.yelp.com/biz/the-malt-house-new-york-3?adjust_creative=hgQT7I6pzaJGZpbBfLplFw&utm_campaign=yelp_api_v3&utm_medium=api_v3_business_search&utm_source=hgQT7I6pzaJGZpbBfLplFw,40.709659,-74.009262,451.32167379109575
2kkjzgLwKHFmLAfR86kE3Q,Fonda Tribeca,4.4,61,['Mexican'],$$$,"139 Duane St New York, NY 10013",+19172616950,https://s3-media2.fl.yelpcdn.com/bphoto/QDn4p9Dp1ifLAb0y8U-d2g/o.jpg,https://www.yelp.com/biz/fonda-tribeca-new-york-4?adjust_creative=hgQT7I6pzaJGZpbBfLplFw&utm_campaign=yelp_api_v3&utm_medium=api_v3_business_search&utm_source=hgQT7I6pzaJGZpbBfLplFw,40.71664368792575,-74.00766223224433,449.77338790055484
ypqK8DWM8Bcs43YveSJnNw,Manhatta,4.4,814,['New American'],$$$$,"28 Liberty St Fl 60 New York, NY 10005",+12122305788,https://s3-media3.fl.yelpcdn.com/bphoto/uHQHaX-Q6_Z0ptEGNFenIw/o.jpg,https://www.yelp.com/biz/manhatta-new-york?adjust_creative=hgQT7I6pzaJGZpbBfLplFw&utm_campaign=yelp_api_v3&utm_medium=api_v3_business_search&utm_source=hgQT7I6pzaJGZpbBfLplFw,40.70800627689857,-74.00888226517013,585.788163636005
vmoRGfd2xIAN-Ty0kiK_lA,Ito,4.8,37,"['Sushi Bars', 'Japanese']",N/A,"75 Barclay St New York, NY 10007",,https://s3-media1.fl.yelpcdn.com/bphoto/4HXmKwGoL5S-5UbGOaBpNA/o.jpg,https://www.yelp.com/biz/ito-new-york?adjust_creative=hgQT7I6pzaJGZpbBfLplFw&utm_campaign=yelp_api_v3&utm_medium=api_v3_business_search&utm_source=hgQT7I6pzaJGZpbBfLplFw,40.71330901722842,-74.01016682421009,355.7286160502329
BSv3awhABROYjjwlQaQ-Qw,Tiny's & The Bar Upstairs,3.8,698,"['Bars', 'New American']",$$,"135 W Broadway New York, NY 10013",+12123741135,https://s3-media2.fl.yelpcdn.com/bphoto/LVFrgjAGNEA3PQT-7wRvxg/o.jpg,https://www.yelp.com/biz/tinys-and-the-bar-upstairs-new-york-2?adjust_creative=hgQT7I6pzaJGZpbBfLplFw&utm_campaign=yelp_api_v3&utm_medium=api_v3_business_search&utm_source=hgQT7I6pzaJGZpbBfLplFw,40.716698,-74.00816,470.1167490651136
6YxjANE2V7n8TehK79C9wg,Taiwanese Yummy,4.0,8,"['Taiwanese', 'Street Vendors', 'Food Stands']",N/A,"New York, NY 10007",,https://s3-media1.fl.yelpcdn.com/bphoto/xd0rqgtxNGg-FV4Oxk2w6A/o.jpg,https://www.yelp.com/biz/taiwanese-yummy-new-york?adjust_creative=hgQT7I6pzaJGZpbBfLplFw&utm_campaign=yelp_api_v3&utm_medium=api_v3_business_search&utm_source=hgQT7I6pzaJGZpbBfLplFw,40.713,-74.0072,103.55722349404213
cUyfnb3E7HvzNfbTgTjl_Q,Despaña Fine Foods & Tapas Cafe,4.4,620,['Spanish'],$$,"408 Broome St New York, NY 10013",+12122195050,https://s3-media2.fl.yelpcdn.com/bphoto/grXH9ZMnTASQloltKR1akA/o.jpg,https://www.yelp.com/biz/despa%C3%B1a-fine-foods-and-tapas-cafe-new-york-2?adjust_creative=hgQT7I6pzaJGZpbBfLplFw&utm_campaign=yelp_api_v3&utm_medium=api_v3_business_search&utm_source=hgQT7I6pzaJGZpbBfLplFw,40.721094,-73.9978255,1151.16579137315
xTnivXEdEtXrnhp-z4JGvg,La Parisienne,4.6,1023,"['Cafes', 'Breakfast & Brunch', 'Wine Bars']",$$,"9 Maiden Ln New York, NY 10038",+16467564911,https://s3-media2.fl.yelpcdn.com/bphoto/WH56fm-8-ybzPV4o7iKwTA/o.jpg,https://www.yelp.com/biz/la-parisienne-new-york-5?adjust_creative=hgQT7I6pzaJGZpbBfLplFw&utm_campaign=yelp_api_v3&utm_medium=api_v3_business_search&utm_source=hgQT7I6pzaJGZpbBfLplFw,40.70961,-74.0093799,451.32167379109575
U3j9A9PV4hBbqTkbtChE-w,Yao,4.1,40,['Cantonese'],N/A,"213 Pearl St New York, NY 10038",+19172658119,https://s3-media1.fl.yelpcdn.com/bphoto/C3cnHFJfvDKySzKke38J6A/o.jpg,https://www.yelp.com/biz/yao-new-york-3?adjust_creative=hgQT7I6pzaJGZpbBfLplFw&utm_campaign=yelp_api_v3&utm_medium=api_v3_business_search&utm_source=hgQT7I6pzaJGZpbBfLplFw,40.70715,-74.00642,622.2468737249736
0ODATydoAxksVR9TXsWsNg,Kisa,4.4,176,['Korean'],N/A,"205 Allen St New York, NY 10002",+16468668622,https://s3-media1.fl.yelpcdn.com/bphoto/YKu5823j0kFP59GKuFW1rQ/o.jpg,https://www.yelp.com/biz/kisa-new-york?adjust_creative=hgQT7I6pzaJGZpbBfLplFw&utm_campaign=yelp_api_v3&utm_medium=api_v3_business_search&utm_source=hgQT7I6pzaJGZpbBfLplFw,40.72272,-73.989086,1805.0871316073792
F-QQCnbsw48dfx4qVf-WoQ,Monk Mcginn's,4.4,152,"['New American', 'Breakfast & Brunch', 'Cocktail Bars']",$$,"57 Murray St New York, NY 10007",+19172658961,https://s3-media3.fl.yelpcdn.com/bphoto/hiYyxdy7XQAiMFousaIc7g/o.jpg,https://www.yelp.com/biz/monk-mcginns-new-york?adjust_creative=hgQT7I6pzaJGZpbBfLplFw&utm_campaign=yelp_api_v3&utm_medium=api_v3_business_search&utm_source=hgQT7I6pzaJGZpbBfLplFw,40.7144194,-74.00967281073923,358.1204476919
rQpO1Eie_zmeAOQ9s-T0sQ,Hole In The Wall - FiDi,4.2,852,"['Breakfast & Brunch', 'Coffee & Tea', 'Australian']",$$,"15 Cliff St New York, NY 10038",+12126029991,https://s3-media3.fl.yelpcdn.com/bphoto/KlAIktt5TKDRu-KkyhjWDA/o.jpg,https://www.yelp.com/biz/hole-in-the-wall-new-york-12?adjust_creative=hgQT7I6pzaJGZpbBfLplFw&utm_campaign=yelp_api_v3&utm_medium=api_v3_business_search&utm_source=hgQT7I6pzaJGZpbBfLplFw,40.708426,-74.005657,471.5398763764826
XEjkmHzGOepziSvP2uK4Xw,Hey Thai,4.2,233,"['Thai', 'Diners', 'Asian Fusion']",$$,"127 John St New York, NY 10038",+16464768084,https://s3-media1.fl.yelpcdn.com/bphoto/__tgqulRRRpViAgHyxUAWQ/o.jpg,https://www.yelp.com/biz/hey-thai-new-york?adjust_creative=hgQT7I6pzaJGZpbBfLplFw&utm_campaign=yelp_api_v3&utm_medium=api_v3_business_search&utm_source=hgQT7I6pzaJGZpbBfLplFw,40.70736912933025,-74.00521581497618,607.4911132754329
6Ct7OeTRn4caY9g0swFBsw,La Contenta Les,4.5,951,"['Mexican', 'Bars', 'Breakfast & Brunch']",$$,"102 Norfolk St New York, NY 10002",+12124324180,https://s3-media2.fl.yelpcdn.com/bphoto/FwZAyPgdKdPGQ8aAGKh3-w/o.jpg,https://www.yelp.com/biz/la-contenta-les-new-york?adjust_creative=hgQT7I6pzaJGZpbBfLplFw&utm_campaign=yelp_api_v3&utm_medium=api_v3_business_search&utm_source=hgQT7I6pzaJGZpbBfLplFw,40.71878,-73.98706,1729.8647257540758
lEK7-ak7BGQIESI9bPp-hg,Beefbar,4.1,53,"['Steakhouses', 'Bars', 'Comfort Food']",N/A,"105 Hudson St New York, NY 10013",+16466636050,https://s3-media2.fl.yelpcdn.com/bphoto/vuqMr6M-lIEg3aC8np2L2g/o.jpg,https://www.yelp.com/biz/beefbar-new-york?adjust_creative=hgQT7I6pzaJGZpbBfLplFw&utm_campaign=yelp_api_v3&utm_medium=api_v3_business_search&utm_source=hgQT7I6pzaJGZpbBfLplFw,40.719582,-74.008834,791.8666052242205
ehUuSk5gPTCQmwS_ubgKRA,Upstate Craft Beer & Oyster Bar,4.4,2097,['Seafood'],$$,"95 1st Ave New York, NY 10003",+16467915400,https://s3-media2.fl.yelpcdn.com/bphoto/V3pVDPhGZdbBueIMxkc8uw/o.jpg,https://www.yelp.com/biz/upstate-craft-beer-and-oyster-bar-new-york-4?adjust_creative=hgQT7I6pzaJGZpbBfLplFw&utm_campaign=yelp_api_v3&utm_medium=api_v3_business_search&utm_source=hgQT7I6pzaJGZpbBfLplFw,40.726373,-73.986557,2227.723733774201
VmgvCsAP6vZ3DL1mw8ugWQ,Osteria Del Porto,4.3,96,"['Italian', 'Wine Bars']",$$$,"212 Front St New York, NY 10038",+16465906053,https://s3-media3.fl.yelpcdn.com/bphoto/AoYDDPj2ioOsLev72tRYew/o.jpg,https://www.yelp.com/biz/osteria-del-porto-new-york?adjust_creative=hgQT7I6pzaJGZpbBfLplFw&utm_campaign=yelp_api_v3&utm_medium=api_v3_business_search&utm_source=hgQT7I6pzaJGZpbBfLplFw,40.70737443140159,-74.00270427364536,664.177667363595
2-yiGN-eDKPmxPvc55GPZg,Mezcali,4.0,165,"['Tacos', 'Tapas/Small Plates', 'Cocktail Bars']",$$,"83 Maiden Ln New York, NY 10038",+19174095881,https://s3-media1.fl.yelpcdn.com/bphoto/qTf3QNuFruL8gkPHpEu5Vw/o.jpg,https://www.yelp.com/biz/mezcali-new-york?adjust_creative=hgQT7I6pzaJGZpbBfLplFw&utm_campaign=yelp_api_v3&utm_medium=api_v3_business_search&utm_source=hgQT7I6pzaJGZpbBfLplFw,40.70745,-74.00748,600.8941547240568
xQ445GaWVN5Aa3sFX9OoIg,Buvette,4.0,2317,"['French', 'Wine Bars', 'Cocktail Bars']",$$,"42 Grove St New York, NY 10014",+12122553590,https://s3-media4.fl.yelpcdn.com/bphoto/9xPJaITkpdJVqKBSl1ABVQ/o.jpg,https://www.yelp.com/biz/buvette-new-york?adjust_creative=hgQT7I6pzaJGZpbBfLplFw&utm_campaign=yelp_api_v3&utm_medium=api_v3_business_search&utm_source=hgQT7I6pzaJGZpbBfLplFw,40.732704,-74.00434640955953,2217.6040050677434
c1kKAH9XMPNeaBhvnIP0FQ,Trinity Place,3.9,448,"['Bars', 'New American', 'Irish']",$$,"115 Broadway New York, NY 10006",+12129640939,https://s3-media3.fl.yelpcdn.com/bphoto/U2lTBlWtnsW25hWa1SsVtA/o.jpg,https://www.yelp.com/biz/trinity-place-new-york-3?adjust_creative=hgQT7I6pzaJGZpbBfLplFw&utm_campaign=yelp_api_v3&utm_medium=api_v3_business_search&utm_source=hgQT7I6pzaJGZpbBfLplFw,40.708865,-74.01117,617.5280846993757
0ZGgUK0lfbtdpyyb7yLOLQ,Metropolis by Marcus Samuelsson,4.2,68,"['American', 'Cocktail Bars']",$$$,"251 Fulton St Located In Perelman Perelman Performing Arts Center New York, NY 10007",+12122663018,https://s3-media2.fl.yelpcdn.com/bphoto/l-Jiws8wzjs7uJB3XrIFXA/o.jpg,https://www.yelp.com/biz/metropolis-by-marcus-samuelsson-new-york?adjust_creative=hgQT7I6pzaJGZpbBfLplFw&utm_campaign=yelp_api_v3&utm_medium=api_v3_business_search&utm_source=hgQT7I6pzaJGZpbBfLplFw,40.71239,-74.01243,538.6941585416781
G9b640a2fZs7s6Q-cWPkiQ,Tin Building by Jean-Georges,4.2,204,"['Grocery', 'Food Court', 'Public Markets']",N/A,"96 S St New York, NY 10038",+16468686000,https://s3-media1.fl.yelpcdn.com/bphoto/1TfKOLfdfzTgLbeNQCNw_g/o.jpg,https://www.yelp.com/biz/tin-building-by-jean-georges-new-york?adjust_creative=hgQT7I6pzaJGZpbBfLplFw&utm_campaign=yelp_api_v3&utm_medium=api_v3_business_search&utm_source=hgQT7I6pzaJGZpbBfLplFw,40.706200062546294,-74.00226642004867,798.5066871871069
mNeyjjcfrXdGf_mCyoolkw,Lola's,4.6,47,['New American'],N/A,"2 W 28th St New York, NY 10001",,https://s3-media4.fl.yelpcdn.com/bphoto/mqY1TlTF7-zwNlR1hjDlJg/o.jpg,https://www.yelp.com/biz/lolas-new-york?adjust_creative=hgQT7I6pzaJGZpbBfLplFw&utm_campaign=yelp_api_v3&utm_medium=api_v3_business_search&utm_source=hgQT7I6pzaJGZpbBfLplFw,40.74481688811193,-73.9878205,3875.69990853086
nrwOQSXoRXfAYhkdjiUk8g,Toro Loco,4.0,510,"['Cocktail Bars', 'Mexican', 'Breakfast & Brunch']",$$,"15 Stone St New York, NY 10004",+19172620444,https://s3-media1.fl.yelpcdn.com/bphoto/cs_jZoL7cMRW-bsy0uyVbg/o.jpg,https://www.yelp.com/biz/toro-loco-new-york?adjust_creative=hgQT7I6pzaJGZpbBfLplFw&utm_campaign=yelp_api_v3&utm_medium=api_v3_business_search&utm_source=hgQT7I6pzaJGZpbBfLplFw,40.70421,-74.01208,1086.6349573826476
WTXzSVUZV0y4r2lpXOeNPw,Zizi Wine Bar,4.5,11,"['Wine Bars', 'Middle Eastern', 'Mediterranean']",N/A,"45 John St New York, NY 10038",,https://s3-media2.fl.yelpcdn.com/bphoto/Io7Ah4LgMQN-HD6P_SXlhQ/o.jpg,https://www.yelp.com/biz/zizi-wine-bar-new-york-2?adjust_creative=hgQT7I6pzaJGZpbBfLplFw&utm_campaign=yelp_api_v3&utm_medium=api_v3_business_search&utm_source=hgQT7I6pzaJGZpbBfLplFw,40.709264,-74.007875,416.3316631740908
klAhw3xLQi9GF1tf_HnS7w,Izakaya MEW,4.3,3135,"['Tapas Bars', 'Sushi Bars', 'Izakaya']",$$,"53 W 35th St New York, NY 10001",+16463689384,https://s3-media4.fl.yelpcdn.com/bphoto/-56mpvzUi0nfYADw2uQXhg/o.jpg,https://www.yelp.com/biz/izakaya-mew-new-york-3?adjust_creative=hgQT7I6pzaJGZpbBfLplFw&utm_campaign=yelp_api_v3&utm_medium=api_v3_business_search&utm_source=hgQT7I6pzaJGZpbBfLplFw,40.750148,-73.9863203465939,4471.723261388145
ZtG0r53UREfzqwUOzhka0g,Imm Thai NYC,4.4,64,"['Thai', 'Seafood']",N/A,"80 Nassau St New York, NY 10038",+16464764682,https://s3-media3.fl.yelpcdn.com/bphoto/SVDYJHIYa5RDSkOdVHfYiQ/o.jpg,https://www.yelp.com/biz/imm-thai-nyc-new-york?adjust_creative=hgQT7I6pzaJGZpbBfLplFw&utm_campaign=yelp_api_v3&utm_medium=api_v3_business_search&utm_source=hgQT7I6pzaJGZpbBfLplFw,40.709804,-74.007915,372.0655263341621
4h4Tuuc56YPO6lWfZ1bdSQ,Joe's Pizza,4.2,651,['Pizza'],$,"124 Fulton St New York, NY 10038",+12122670860,https://s3-media4.fl.yelpcdn.com/bphoto/sUjegcIlz9bo1s20BqM5KA/o.jpg,https://www.yelp.com/biz/joes-pizza-new-york-152?adjust_creative=hgQT7I6pzaJGZpbBfLplFw&utm_campaign=yelp_api_v3&utm_medium=api_v3_business_search&utm_source=hgQT7I6pzaJGZpbBfLplFw,40.71009,-74.00768,335.2125433076253
IaKzW5PcmHGklEhAy_9hMQ,Le Gratin,3.9,102,['French'],N/A,"5 Beekman St New York, NY 10038",+12125979020,https://s3-media2.fl.yelpcdn.com/bphoto/ZFLMdyv3efWxcq3FN6xmuw/o.jpg,https://www.yelp.com/biz/le-gratin-new-york?adjust_creative=hgQT7I6pzaJGZpbBfLplFw&utm_campaign=yelp_api_v3&utm_medium=api_v3_business_search&utm_source=hgQT7I6pzaJGZpbBfLplFw,40.711440173909835,-74.0068285,166.55151672299135
PflHKSowWSsR-a76Ne7nzg,La Marchande,4.3,64,"['French', 'Brasseries']",$$$,"88 Wall St New York, NY 10005",+12128372089,https://s3-media4.fl.yelpcdn.com/bphoto/kjh6mPeRMaClYgna2DpXrQ/o.jpg,https://www.yelp.com/biz/la-marchande-new-york-2?adjust_creative=hgQT7I6pzaJGZpbBfLplFw&utm_campaign=yelp_api_v3&utm_medium=api_v3_business_search&utm_source=hgQT7I6pzaJGZpbBfLplFw,40.705286,-74.007803,837.8372784278171
2Nwmd7-1d1rI6lb9QSSYYA,A Pasta Bar,4.0,623,"['Italian', 'Bars']",$$$,"330 W Broadway New York, NY 10013",+16467624056,https://s3-media2.fl.yelpcdn.com/bphoto/yBcgO4-xpz3KZDZQBpK1SQ/o.jpg,https://www.yelp.com/biz/a-pasta-bar-new-york?adjust_creative=hgQT7I6pzaJGZpbBfLplFw&utm_campaign=yelp_api_v3&utm_medium=api_v3_business_search&utm_source=hgQT7I6pzaJGZpbBfLplFw,40.72229,-74.00403,1070.484131962877
SWK0AQ5KTDDCt8AtOhhasg,Malibu Farm,3.8,435,"['New American', 'Venues & Event Spaces', 'Beer Bar']",$$,"89 South St New York, NY 10038",+12122653030,https://s3-media3.fl.yelpcdn.com/bphoto/xF5waAsR6aelYX9M12zm4Q/o.jpg,https://www.yelp.com/biz/malibu-farm-new-york-6?adjust_creative=hgQT7I6pzaJGZpbBfLplFw&utm_campaign=yelp_api_v3&utm_medium=api_v3_business_search&utm_source=hgQT7I6pzaJGZpbBfLplFw,40.705644,-74.00188,894.7618860433558
fVbUVAiLiGgLA_nxBFxyww,Thursday Kitchen,4.4,1848,"['Korean', 'New American', 'Tapas/Small Plates']",$$,"424 E 9th St New York, NY 10009",,https://s3-media2.fl.yelpcdn.com/bphoto/iCP4QYCjWf9i-qDIBQrsnQ/o.jpg,https://www.yelp.com/biz/thursday-kitchen-new-york?adjust_creative=hgQT7I6pzaJGZpbBfLplFw&utm_campaign=yelp_api_v3&utm_medium=api_v3_business_search&utm_source=hgQT7I6pzaJGZpbBfLplFw,40.72761,-73.98373,2491.1843994882547
fPW_GBZsnBNsIzK62sCHBg,Xi'an Famous Foods,4.0,1383,"['Chinese', 'Burgers', 'Noodles']",$$,"45 Bayard St New York, NY 10013",+12127862068,https://s3-media4.fl.yelpcdn.com/bphoto/fcryjj-ngjcUoNL39jbCkQ/o.jpg,https://www.yelp.com/biz/xian-famous-foods-new-york-30?adjust_creative=hgQT7I6pzaJGZpbBfLplFw&utm_campaign=yelp_api_v3&utm_medium=api_v3_business_search&utm_source=hgQT7I6pzaJGZpbBfLplFw,40.71509589423776,-73.997342,773.0896188165652
tM8ZtEix8Bxg82AIKsHXcw,Zizi,4.3,279,"['Mediterranean', 'Middle Eastern']",N/A,"182 8th Ave New York, NY 10011",+16466698162,https://s3-media3.fl.yelpcdn.com/bphoto/0-e7zOfP2MTjXPQnVWBA0Q/o.jpg,https://www.yelp.com/biz/zizi-new-york-3?adjust_creative=hgQT7I6pzaJGZpbBfLplFw&utm_campaign=yelp_api_v3&utm_medium=api_v3_business_search&utm_source=hgQT7I6pzaJGZpbBfLplFw,40.74293,-74.00002,3386.1243174749857
cFNLYicE6wsvVqeRYBv-ig,Otani,4.7,20,"['Sushi Bars', 'Ramen']",N/A,"59 Nassau St New York, NY 10038",+12127329250,https://s3-media3.fl.yelpcdn.com/bphoto/awZVTldj6uV6NnktDWoVcA/o.jpg,https://www.yelp.com/biz/otani-new-york?adjust_creative=hgQT7I6pzaJGZpbBfLplFw&utm_campaign=yelp_api_v3&utm_medium=api_v3_business_search&utm_source=hgQT7I6pzaJGZpbBfLplFw,40.70933306297702,-74.0088552,454.45490885001624
fNKYBpQJivICm0ORb3nb_Q,8282,4.6,264,['Korean'],N/A,"84 Stanton St New York, NY 10002",+19298370360,https://s3-media2.fl.yelpcdn.com/bphoto/jMQtrS6w53Okpgnqe30kmw/o.jpg,https://www.yelp.com/biz/8282-new-york-2?adjust_creative=hgQT7I6pzaJGZpbBfLplFw&utm_campaign=yelp_api_v3&utm_medium=api_v3_business_search&utm_source=hgQT7I6pzaJGZpbBfLplFw,40.72161,-73.98875,1757.107398269421
MeUq9lombxM9alxs64tejQ,Pepolino Restaurant,4.3,675,['Tuscan'],$$$,"281 W Broadway New York, NY 10013",+12129669983,https://s3-media4.fl.yelpcdn.com/bphoto/zYEflDG6eiUHvqAgXnH3Xw/o.jpg,https://www.yelp.com/biz/pepolino-restaurant-new-york?adjust_creative=hgQT7I6pzaJGZpbBfLplFw&utm_campaign=yelp_api_v3&utm_medium=api_v3_business_search&utm_source=hgQT7I6pzaJGZpbBfLplFw,40.720756,-74.004885,889.64280242253
q2Vq56jenOx8cXD2fCupYg,Leitao,4.7,208,"['Portuguese', 'Cocktail Bars', 'Beer, Wine & Spirits']",$$$,"547 Hudson St New York, NY 10014",+12128109944,https://s3-media3.fl.yelpcdn.com/bphoto/NA5nrjL5Wm1nLUQeVsRxbg/o.jpg,https://www.yelp.com/biz/leitao-new-york-3?adjust_creative=hgQT7I6pzaJGZpbBfLplFw&utm_campaign=yelp_api_v3&utm_medium=api_v3_business_search&utm_source=hgQT7I6pzaJGZpbBfLplFw,40.73495,-74.00628,2461.7519747191614
JFmWkslCGTeuwC_Yews4-Q,Carlotto,4.5,90,"['Italian', 'Wine Bars', 'Cocktail Bars']",N/A,"100 E 19th St New York, NY 10003",+12122091054,https://s3-media2.fl.yelpcdn.com/bphoto/dCzy_5CPw2__GwNIyZKP3g/o.jpg,https://www.yelp.com/biz/carlotto-new-york?adjust_creative=hgQT7I6pzaJGZpbBfLplFw&utm_campaign=yelp_api_v3&utm_medium=api_v3_business_search&utm_source=hgQT7I6pzaJGZpbBfLplFw,40.7375,-73.98782,3145.8011704550463
U74_3F7r3tMhd6dmTmDBxQ,Macao Trading Company,3.8,905,"['Asian Fusion', 'Portuguese', 'Chinese']",$$$,"311 Church St New York, NY 10013",+12124318642,https://s3-media2.fl.yelpcdn.com/bphoto/a42HwkzaE-er3Es6rZ9K9w/o.jpg,https://www.yelp.com/biz/macao-trading-company-new-york?adjust_creative=hgQT7I6pzaJGZpbBfLplFw&utm_campaign=yelp_api_v3&utm_medium=api_v3_business_search&utm_source=hgQT7I6pzaJGZpbBfLplFw,40.719623,-74.003904,779.844764729879
nZdo3ihbeX0l9eLBFS-nWg,DOMODOMO Jersey City,4.3,787,"['Japanese', 'Sushi Bars']",N/A,"200 Greene St Jersey City, NJ 07302",+12012670222,https://s3-media1.fl.yelpcdn.com/bphoto/tAX3c0J6YZWVi0Xpw4aNgg/o.jpg,https://www.yelp.com/biz/domodomo-jersey-city-jersey-city-3?adjust_creative=hgQT7I6pzaJGZpbBfLplFw&utm_campaign=yelp_api_v3&utm_medium=api_v3_business_search&utm_source=hgQT7I6pzaJGZpbBfLplFw,40.720237887545395,-74.03427148430569,2522.168724156217
QhE50zhSMnQaudpHW1jp7g,The Tyger,4.2,544,"['Cocktail Bars', 'Noodles', 'Pan Asian']",$$$,"1 Howard St New York, NY 10013",+16463558693,https://s3-media4.fl.yelpcdn.com/bphoto/RRg_UV8qR5FRcyWl9V-cfA/o.jpg,https://www.yelp.com/biz/the-tyger-new-york-2?adjust_creative=hgQT7I6pzaJGZpbBfLplFw&utm_campaign=yelp_api_v3&utm_medium=api_v3_business_search&utm_source=hgQT7I6pzaJGZpbBfLplFw,40.7189,-73.99942,872.1815005615831
M-odQWSEfsR2mVEw7nKG-g,Nyonya,3.9,2474,"['Malaysian', 'Chinese']",$$,"199 Grand St New York, NY 10013",+12123343669,https://s3-media2.fl.yelpcdn.com/bphoto/YuWC1Gwo7ku4PvD-7mDQnA/o.jpg,https://www.yelp.com/biz/nyonya-new-york?adjust_creative=hgQT7I6pzaJGZpbBfLplFw&utm_campaign=yelp_api_v3&utm_medium=api_v3_business_search&utm_source=hgQT7I6pzaJGZpbBfLplFw,40.719116974367,-73.9968322948353,1037.8349119935426
X07rATb-pc3gevQRTE0FGA,Farida - Downtown,4.4,113,"['Uzbek', 'Halal', 'Ukrainian']",N/A,"32 Cedar St New York, NY 10005",+16467052261,https://s3-media4.fl.yelpcdn.com/bphoto/NRJaIJKiANlLbrOUqzexaw/o.jpg,https://www.yelp.com/biz/farida-downtown-new-york?adjust_creative=hgQT7I6pzaJGZpbBfLplFw&utm_campaign=yelp_api_v3&utm_medium=api_v3_business_search&utm_source=hgQT7I6pzaJGZpbBfLplFw,40.70712,-74.00845,662.5465562905233
8SehQovJOuQDLbtzLLYLyw,RH Rooftop Restaurant at RH New York,4.1,1002,"['American', 'Wine Bars']",$$$,"9 9th Ave New York, NY 10014",+12122172210,https://s3-media3.fl.yelpcdn.com/bphoto/qNQTyRt8yeJ8q9Tzc2BBLA/o.jpg,https://www.yelp.com/biz/rh-rooftop-restaurant-new-york-new-york-2?adjust_creative=hgQT7I6pzaJGZpbBfLplFw&utm_campaign=yelp_api_v3&utm_medium=api_v3_business_search&utm_source=hgQT7I6pzaJGZpbBfLplFw,40.73985,-74.00639,3007.998966095332
zX8IF7oCbw1HrNaPmOBy-g,FERNS,4.5,315,"['Cocktail Bars', 'New American', 'Breakfast & Brunch']",$$,"166 1st Ave New York, NY 10009",+16469985034,https://s3-media2.fl.yelpcdn.com/bphoto/tD5WK6hc90LAgNi9jHF_Fw/o.jpg,https://www.yelp.com/biz/ferns-new-york-7?adjust_creative=hgQT7I6pzaJGZpbBfLplFw&utm_campaign=yelp_api_v3&utm_medium=api_v3_business_search&utm_source=hgQT7I6pzaJGZpbBfLplFw,40.72881612591204,-73.9840489193202,2567.8417389077845
PJvQw_TcinCzkYjwTwsCYQ,Goku Kitchen,4.6,59,"['Asian Fusion', 'Japanese']",N/A,"26 Cedar St New York, NY 10005",+16464498289,https://s3-media1.fl.yelpcdn.com/bphoto/lutjZCA5ocnHhsfGG4SkNw/o.jpg,https://www.yelp.com/biz/goku-kitchen-new-york-2?adjust_creative=hgQT7I6pzaJGZpbBfLplFw&utm_campaign=yelp_api_v3&utm_medium=api_v3_business_search&utm_source=hgQT7I6pzaJGZpbBfLplFw,40.70697,-74.0082,667.475092841149
LOeDR4X-YRToeo3hy_plew,The Fulton by Jean-Georges,3.6,514,"['Seafood', 'Live/Raw Food']",$$$,"89 South St New York, NY 10038",+12128381200,https://s3-media2.fl.yelpcdn.com/bphoto/lkh7i3p7IjzvsNsKpP5fPg/o.jpg,https://www.yelp.com/biz/the-fulton-by-jean-georges-new-york-2?adjust_creative=hgQT7I6pzaJGZpbBfLplFw&utm_campaign=yelp_api_v3&utm_medium=api_v3_business_search&utm_source=hgQT7I6pzaJGZpbBfLplFw,40.70536986650792,-74.00105402509251,925.4146934225168
xefmiLAsKURFc6FDGSRgfQ,Westville,4.0,296,['Mediterranean'],$$,"110 Wall St New York, NY 10005",+12127414780,https://s3-media1.fl.yelpcdn.com/bphoto/l8_8RUsIjPwM_CdCHQ66eg/o.jpg,https://www.yelp.com/biz/westville-new-york-12?adjust_creative=hgQT7I6pzaJGZpbBfLplFw&utm_campaign=yelp_api_v3&utm_medium=api_v3_business_search&utm_source=hgQT7I6pzaJGZpbBfLplFw,40.7047772,-74.00642874102088,892.8253431294397
6GAB0Rn6eBqCUO9Tx9BNgQ,bōm,4.9,49,['Korean'],N/A,"17 W 19th St New York, NY 10011",+12122561368,https://s3-media3.fl.yelpcdn.com/bphoto/DvjdSqOrGi3s0lcGNKivMg/o.jpg,https://www.yelp.com/biz/b%C5%8Dm-new-york-3?adjust_creative=hgQT7I6pzaJGZpbBfLplFw&utm_campaign=yelp_api_v3&utm_medium=api_v3_business_search&utm_source=hgQT7I6pzaJGZpbBfLplFw,40.73966,-73.99247,3197.530360040514
q45SMZfNrF4XZZWzIC4tGw,Westville,4.0,607,['Mediterranean'],$$,"333 Hudson St NY, NY 10013",+12127761404,https://s3-media1.fl.yelpcdn.com/bphoto/Q4P1GtxpfM1-LIwDP_b10w/o.jpg,https://www.yelp.com/biz/westville-ny-2?adjust_creative=hgQT7I6pzaJGZpbBfLplFw&utm_campaign=yelp_api_v3&utm_medium=api_v3_business_search&utm_source=hgQT7I6pzaJGZpbBfLplFw,40.727125,-74.007683,1599.1678958656996
jc_XQPbSCwMHsXLfinXA6A,Prince & I,4.4,525,"['Thai', 'Creperies', 'Noodles']",$$,"80 Wayne St Jersey City, NJ 07302",+12012732438,https://s3-media2.fl.yelpcdn.com/bphoto/oaWBDPPTSoSnzjCfnQt_VA/o.jpg,https://www.yelp.com/biz/prince-and-i-jersey-city-5?adjust_creative=hgQT7I6pzaJGZpbBfLplFw&utm_campaign=yelp_api_v3&utm_medium=api_v3_business_search&utm_source=hgQT7I6pzaJGZpbBfLplFw,40.7198,-74.04576,3447.3650906959997
uSA8YIZaI-2ikkkLzLdwIA,Yeh’s Bao,4.6,22,"['Food Delivery Services', 'Salad', 'Noodles']",N/A,"38 Rector St New York, NY 10006",+19173882801,https://s3-media1.fl.yelpcdn.com/bphoto/4AsBQXI56i-hFypSCvWxPQ/o.jpg,https://www.yelp.com/biz/yeh-s-bao-new-york?adjust_creative=hgQT7I6pzaJGZpbBfLplFw&utm_campaign=yelp_api_v3&utm_medium=api_v3_business_search&utm_source=hgQT7I6pzaJGZpbBfLplFw,40.708411454439194,-74.0146604,878.0492057386521
ysqgdbSrezXgVwER2kQWKA,Juliana's,4.4,2862,['Pizza'],$$,"19 Old Fulton St Brooklyn, NY 11201",+17185966700,https://s3-media2.fl.yelpcdn.com/bphoto/od36nFW220aMFAnNP00ocw/o.jpg,https://www.yelp.com/biz/julianas-brooklyn-3?adjust_creative=hgQT7I6pzaJGZpbBfLplFw&utm_campaign=yelp_api_v3&utm_medium=api_v3_business_search&utm_source=hgQT7I6pzaJGZpbBfLplFw,40.70274718768062,-73.99343490196397,1539.8900371846673
iXSuNKKUBIrBX7zUerlQDQ,Benares,4.0,699,['Indian'],$$,"45 Murray St New York, NY 10007",+12127664900,https://s3-media3.fl.yelpcdn.com/bphoto/G_bLWFJiRzzpii8QLyHgUQ/o.jpg,https://www.yelp.com/biz/benares-new-york-3?adjust_creative=hgQT7I6pzaJGZpbBfLplFw&utm_campaign=yelp_api_v3&utm_medium=api_v3_business_search&utm_source=hgQT7I6pzaJGZpbBfLplFw,40.71415,-74.009209,309.3310611430948
0fInrM78IqLeLxo4yEQRQQ,Chambers,4.3,39,"['New American', 'Beer Bar', 'Cocktail Bars']",N/A,"94 Chambers St New York, NY 10007",+12125803572,https://s3-media1.fl.yelpcdn.com/bphoto/CSUx9tCsJ0pgbw2mEuTIPw/o.jpg,https://www.yelp.com/biz/chambers-new-york-2?adjust_creative=hgQT7I6pzaJGZpbBfLplFw&utm_campaign=yelp_api_v3&utm_medium=api_v3_business_search&utm_source=hgQT7I6pzaJGZpbBfLplFw,40.7145903,-74.00755015276324,238.1168027398245
NN3mOWF5e_pnR1ArqM2bHQ,Obao,4.0,4353,"['Vietnamese', 'Thai', 'Asian Fusion']",$$,"647 9th Ave New York, NY 10036",+12122458880,https://s3-media4.fl.yelpcdn.com/bphoto/CpVI2XJLrvg09Fm83bfPog/o.jpg,https://www.yelp.com/biz/obao-new-york-3?adjust_creative=hgQT7I6pzaJGZpbBfLplFw&utm_campaign=yelp_api_v3&utm_medium=api_v3_business_search&utm_source=hgQT7I6pzaJGZpbBfLplFw,40.7606544,-73.991332,5462.787587555857
wdGMVLUzocmnl2tST0lheg,Yunnan Rice Noodle House,4.1,430,"['Chinese', 'Noodles', 'Asian Fusion']",$$,"53 Bayard St New York, NY 10014",+16469985223,https://s3-media4.fl.yelpcdn.com/bphoto/SjIXo1UaVlguIb5on6CYdA/o.jpg,https://www.yelp.com/biz/yunnan-rice-noodle-house-new-york-2?adjust_creative=hgQT7I6pzaJGZpbBfLplFw&utm_campaign=yelp_api_v3&utm_medium=api_v3_business_search&utm_source=hgQT7I6pzaJGZpbBfLplFw,40.71525,-73.99765,749.4579167333575
Qr9FJkZAzav9px3xsEf1yQ,Norm's Pizza,4.8,26,['Pizza'],N/A,"8 Cortlandt St New York, NY 10007",+16466492692,https://s3-media2.fl.yelpcdn.com/bphoto/fQmKa1TxZlIudVp_CS84hw/o.jpg,https://www.yelp.com/biz/norms-pizza-new-york?adjust_creative=hgQT7I6pzaJGZpbBfLplFw&utm_campaign=yelp_api_v3&utm_medium=api_v3_business_search&utm_source=hgQT7I6pzaJGZpbBfLplFw,40.71008448698627,-74.0103149,472.6965116490979
2ZDK6Zak3pf5lTR9ZXz5LA,Regular NYC,4.9,38,"['Breakfast & Brunch', 'Coffee & Tea', 'Bagels']",N/A,"19 Rector St New York, NY 10006",+19172612090,https://s3-media4.fl.yelpcdn.com/bphoto/RKsEMtN4ZO0KhDGleI6yAw/o.jpg,https://www.yelp.com/biz/regular-nyc-new-york-5?adjust_creative=hgQT7I6pzaJGZpbBfLplFw&utm_campaign=yelp_api_v3&utm_medium=api_v3_business_search&utm_source=hgQT7I6pzaJGZpbBfLplFw,40.70801,-74.013984,868.0676661208688
rp8S7scxOkVVeG7dNneMGQ,L'Artusi,4.3,2582,"['Italian', 'Cocktail Bars']",$$$,"228 W 10th St New York, NY 10014",+12122555757,https://s3-media1.fl.yelpcdn.com/bphoto/brSu4D2PMlgvnnwQUXsHWw/o.jpg,https://www.yelp.com/biz/l-artusi-new-york?adjust_creative=hgQT7I6pzaJGZpbBfLplFw&utm_campaign=yelp_api_v3&utm_medium=api_v3_business_search&utm_source=hgQT7I6pzaJGZpbBfLplFw,40.73384,-74.00515,2336.1125306966223
KgpOYAG-r_eDsQXFXt0nnQ,Balthazar,4.0,3829,"['French', 'Breakfast & Brunch']",$$$,"80 Spring St New York, NY 10012",+12129651414,https://s3-media2.fl.yelpcdn.com/bphoto/HY95-fSwf_JNsygeeEzzaA/o.jpg,https://www.yelp.com/biz/balthazar-new-york-2?adjust_creative=hgQT7I6pzaJGZpbBfLplFw&utm_campaign=yelp_api_v3&utm_medium=api_v3_business_search&utm_source=hgQT7I6pzaJGZpbBfLplFw,40.722675,-73.998285,1279.0519000596246
suxf-0tgBPjFBv1UfzNN9A,Peppercorn Station,4.2,80,['Szechuan'],N/A,"120 Morgan St Jersey City, NJ 07302",+15512103668,https://s3-media4.fl.yelpcdn.com/bphoto/UFSM08baOdXSiipn_aE3eA/o.jpg,https://www.yelp.com/biz/peppercorn-station-jersey-city?adjust_creative=hgQT7I6pzaJGZpbBfLplFw&utm_campaign=yelp_api_v3&utm_medium=api_v3_business_search&utm_source=hgQT7I6pzaJGZpbBfLplFw,40.7199685503076,-74.03871160000563,2869.849303160845
FgPvSR_42MtGKy0_n055iw,Double Chicken Please,4.4,782,"['Cocktail Bars', 'Burgers', 'Sandwiches']",$$$,"115 Allen St New York, NY 10002",+16466785452,https://s3-media2.fl.yelpcdn.com/bphoto/C02s75JQEcob9WVXTIDDnQ/o.jpg,https://www.yelp.com/biz/double-chicken-please-new-york?adjust_creative=hgQT7I6pzaJGZpbBfLplFw&utm_campaign=yelp_api_v3&utm_medium=api_v3_business_search&utm_source=hgQT7I6pzaJGZpbBfLplFw,40.719584,-73.990486,1501.8299625272407
iexl39DYyy_76Xq3ExaJkQ,Excuse My French,4.3,381,"['Bars', 'Tapas Bars', 'French']",$$,"96 Orchard St New York, NY 10002",+12127809600,https://s3-media2.fl.yelpcdn.com/bphoto/UpdqlVWgjek_qUyzXgbSpg/o.jpg,https://www.yelp.com/biz/excuse-my-french-new-york?adjust_creative=hgQT7I6pzaJGZpbBfLplFw&utm_campaign=yelp_api_v3&utm_medium=api_v3_business_search&utm_source=hgQT7I6pzaJGZpbBfLplFw,40.718437,-73.989807,1501.0540250173187
VaL9GaBR_GR-q9d1VzJF3g,SUteiShi,4.2,644,"['Japanese', 'Sushi Bars']",$$$,"24 Peck Slip New York, NY 10038",+12127662344,https://s3-media3.fl.yelpcdn.com/bphoto/_CK7vMNwpkuJLGcFVAlf-g/o.jpg,https://www.yelp.com/biz/suteishi-new-york-3?adjust_creative=hgQT7I6pzaJGZpbBfLplFw&utm_campaign=yelp_api_v3&utm_medium=api_v3_business_search&utm_source=hgQT7I6pzaJGZpbBfLplFw,40.70788,-74.00194,642.1948769110907
nMyot99PkX5iYCdxHoRJqQ,ARIARI,4.5,342,"['Korean', 'Tapas/Small Plates', 'Gastropubs']",N/A,"119 1st Ave New York, NY 10003",+16464227466,https://s3-media1.fl.yelpcdn.com/bphoto/IQbVjJaYnvf1QZlgocL1Bw/o.jpg,https://www.yelp.com/biz/ariari-new-york?adjust_creative=hgQT7I6pzaJGZpbBfLplFw&utm_campaign=yelp_api_v3&utm_medium=api_v3_business_search&utm_source=hgQT7I6pzaJGZpbBfLplFw,40.727283504010266,-73.9858313,2341.523752055365
1VTv1wBwzzcD9k7qxC7L2g,The Parlour Room,4.3,191,"['Cocktail Bars', 'Seafood', 'Tapas/Small Plates']",$$,"70 W 36th St 1A New York, NY 10018",+19172615495,https://s3-media3.fl.yelpcdn.com/bphoto/m9KDsKhaJ4sYy5vlKlgguQ/o.jpg,https://www.yelp.com/biz/the-parlour-room-new-york?adjust_creative=hgQT7I6pzaJGZpbBfLplFw&utm_campaign=yelp_api_v3&utm_medium=api_v3_business_search&utm_source=hgQT7I6pzaJGZpbBfLplFw,40.75066199820444,-73.986111391996,4531.331465127935
7_hGsGEkHrjgAiYVjrCFnw,Carbone,4.0,1956,['Italian'],$$$$,"181 Thompson St New York, NY 10012",+12122543000,https://s3-media2.fl.yelpcdn.com/bphoto/of9hnqrTa-rhXg3dLNmfow/o.jpg,https://www.yelp.com/biz/carbone-new-york?adjust_creative=hgQT7I6pzaJGZpbBfLplFw&utm_campaign=yelp_api_v3&utm_medium=api_v3_business_search&utm_source=hgQT7I6pzaJGZpbBfLplFw,40.72800126711089,-74.00024274442806,1758.5594230923407
ED2I3t5rOf81cddCsLA4tw,Terroir Tribeca,4.1,344,"['Wine Bars', 'New American']",$$,"24 Harrison St New York, NY 10013",+12126259463,https://s3-media3.fl.yelpcdn.com/bphoto/JO38Ng-0YkhGbuVHwl_YHw/o.jpg,https://www.yelp.com/biz/terroir-tribeca-new-york?adjust_creative=hgQT7I6pzaJGZpbBfLplFw&utm_campaign=yelp_api_v3&utm_medium=api_v3_business_search&utm_source=hgQT7I6pzaJGZpbBfLplFw,40.718804998517,-74.0099987815497,747.9561847451736
veq1Bl1DW3UWMekZJUsG1Q,Gramercy Tavern,4.4,3636,['New American'],$$$$,"42 E 20th St New York, NY 10003",+12124770777,https://s3-media2.fl.yelpcdn.com/bphoto/dqYkSiC7zM3W7Ih988V98Q/o.jpg,https://www.yelp.com/biz/gramercy-tavern-new-york?adjust_creative=hgQT7I6pzaJGZpbBfLplFw&utm_campaign=yelp_api_v3&utm_medium=api_v3_business_search&utm_source=hgQT7I6pzaJGZpbBfLplFw,40.73844,-73.98825,3214.7596553842222
ZnhRUBos9FGQZrzbcPn6Vg,O'Hara's Restaurant and Pub,4.1,662,"['Irish Pub', 'Sports Bars', 'American']",$$,"120 Cedar St Ste 4 New York, NY 10006",+12122673032,https://s3-media3.fl.yelpcdn.com/bphoto/nbLz6LVHqnqtU2DxmyBG3Q/o.jpg,https://www.yelp.com/biz/o-haras-restaurant-and-pub-new-york?adjust_creative=hgQT7I6pzaJGZpbBfLplFw&utm_campaign=yelp_api_v3&utm_medium=api_v3_business_search&utm_source=hgQT7I6pzaJGZpbBfLplFw,40.7093473589949,-74.0122557367896,652.2345261893194
MphfKkYFEe0BDQ6hZ0A5fA,Gelso & Grand,4.3,1608,"['Italian', 'Pasta Shops', 'Pizza']",$$,"186 Grand St New York, NY 10013",+12122261600,https://s3-media1.fl.yelpcdn.com/bphoto/_SPm9GnY1EweCZihbDWt9g/o.jpg,https://www.yelp.com/biz/gelso-and-grand-new-york?adjust_creative=hgQT7I6pzaJGZpbBfLplFw&utm_campaign=yelp_api_v3&utm_medium=api_v3_business_search&utm_source=hgQT7I6pzaJGZpbBfLplFw,40.71958,-73.99734,1049.4109860244066
PSxWyFq8rmxCOJipJf6sKQ,Warren Street Bar & Restaurant,3.7,15,"['Breakfast & Brunch', 'American', 'Brasseries']",N/A,"86 Warren St Warren Street Hotel New York, NY 10007",+12122558686,https://s3-media1.fl.yelpcdn.com/bphoto/gE__EF-wYLana2Mn6beuBw/o.jpg,https://www.yelp.com/biz/warren-street-bar-and-restaurant-new-york-3?adjust_creative=hgQT7I6pzaJGZpbBfLplFw&utm_campaign=yelp_api_v3&utm_medium=api_v3_business_search&utm_source=hgQT7I6pzaJGZpbBfLplFw,40.71557,-74.01047,488.30702354789514
Pe4cQ65ZJ9qS8JQZVkJz4g,shabushabu Mayumon,4.6,104,"['Japanese', 'Hot Pot']",N/A,"115 Division St New York, NY 10002",+16464767717,https://s3-media4.fl.yelpcdn.com/bphoto/OyFOxUCiy2cAM5D4wz16jw/o.jpg,https://www.yelp.com/biz/shabushabu-mayumon-new-york-5?adjust_creative=hgQT7I6pzaJGZpbBfLplFw&utm_campaign=yelp_api_v3&utm_medium=api_v3_business_search&utm_source=hgQT7I6pzaJGZpbBfLplFw,40.71434,-73.99205,1185.7820681681549
YPFME0go5UzDo7_q3NN2Mg,Berimbau Brazilian Kitchen - West Village,4.5,308,"['Brazilian', 'Breakfast & Brunch', 'Acai Bowls']",$$,"43 Carmine St New York, NY 10014",+12124010021,https://s3-media4.fl.yelpcdn.com/bphoto/7J0e3RwEmL6wXaga5rekCg/o.jpg,https://www.yelp.com/biz/berimbau-brazilian-kitchen-west-village-new-york?adjust_creative=hgQT7I6pzaJGZpbBfLplFw&utm_campaign=yelp_api_v3&utm_medium=api_v3_business_search&utm_source=hgQT7I6pzaJGZpbBfLplFw,40.73007,-74.00366,1932.3194048457938
hY859h5JO_B47dY3Hau5IA,Urban Cove Society & Kitchen,3.8,4,"['New American', 'Breakfast & Brunch', 'Cocktail Bars']",N/A,"33 Peck Slip New York, NY 10038",+19292630319,https://s3-media3.fl.yelpcdn.com/bphoto/pfsptAxAa1gvN-9TNg4bKg/o.jpg,https://www.yelp.com/biz/urban-cove-society-and-kitchen-new-york?adjust_creative=hgQT7I6pzaJGZpbBfLplFw&utm_campaign=yelp_api_v3&utm_medium=api_v3_business_search&utm_source=hgQT7I6pzaJGZpbBfLplFw,40.70798,-74.00144,655.5245532618549
Wu0eeQ8Wk_Hjg3cleoxFlw,Gurumé,4.8,222,"['Korean', 'Tapas/Small Plates', 'Cocktail Bars']",N/A,"313 W 46th St New York, NY 10036",+19173882017,https://s3-media1.fl.yelpcdn.com/bphoto/sHDgI83rEE5wXHnrODa7_g/o.jpg,https://www.yelp.com/biz/gurum%C3%A9-new-york-4?adjust_creative=hgQT7I6pzaJGZpbBfLplFw&utm_campaign=yelp_api_v3&utm_medium=api_v3_business_search&utm_source=hgQT7I6pzaJGZpbBfLplFw,40.760301,-73.988564,5477.83893656627
pBNMZp_tKCAfRNx7-ybcHQ,Calle Dao Chelsea,4.5,1161,"['Cuban', 'Chinese', 'Asian Fusion']",$$,"461 W 23rd St New York, NY 10011",+12124144104,https://s3-media2.fl.yelpcdn.com/bphoto/GR36FBLcB9DgoukrTQqJeg/o.jpg,https://www.yelp.com/biz/calle-dao-chelsea-new-york-3?adjust_creative=hgQT7I6pzaJGZpbBfLplFw&utm_campaign=yelp_api_v3&utm_medium=api_v3_business_search&utm_source=hgQT7I6pzaJGZpbBfLplFw,40.74765439999999,-74.00352547055276,3881.2330305826254
kr_r3cmFlhgr_1jjLHMgfg,Fulton Fish,4.3,46,['Seafood'],$$$,"96 South St New York, NY 10038",+16468686000,https://s3-media2.fl.yelpcdn.com/bphoto/7SW6IKuDoIMstGvFhSvujQ/o.jpg,https://www.yelp.com/biz/fulton-fish-new-york-5?adjust_creative=hgQT7I6pzaJGZpbBfLplFw&utm_campaign=yelp_api_v3&utm_medium=api_v3_business_search&utm_source=hgQT7I6pzaJGZpbBfLplFw,40.70623460823695,-74.00230669999999,793.6398268845613
Ptd1vzkvdeZUws9zuLR4FA,Omar’s Mediterranean Cuisine,4.9,64,"['Mediterranean', 'Salad', 'Barbeque']",N/A,"15 Ann St New York, NY 10038",+16466660101,https://s3-media2.fl.yelpcdn.com/bphoto/lhsOK41xj048_JYe3y-ZQA/o.jpg,https://www.yelp.com/biz/omar-s-mediterranean-cuisine-new-york?adjust_creative=hgQT7I6pzaJGZpbBfLplFw&utm_campaign=yelp_api_v3&utm_medium=api_v3_business_search&utm_source=hgQT7I6pzaJGZpbBfLplFw,40.71096,-74.00787,247.541387738153
0IFDnYf3bhqxJR6hVrG7Gw,Top Thai Vintage,4.5,1325,"['Thai', 'Halal', 'Cocktail Bars']",$$$,"55 Carmine St New York, NY 10014",+16466092272,https://s3-media3.fl.yelpcdn.com/bphoto/-ZoEVVSfXiLLw8NLKSF9BA/o.jpg,https://www.yelp.com/biz/top-thai-vintage-new-york-3?adjust_creative=hgQT7I6pzaJGZpbBfLplFw&utm_campaign=yelp_api_v3&utm_medium=api_v3_business_search&utm_source=hgQT7I6pzaJGZpbBfLplFw,40.729907419973344,-74.00421380395268,1908.202730696192
bnDfFdiCcPzhuNWUJORvLQ,Noodle Village,3.9,1482,"['Chinese', 'Noodles']",$$,"13 Mott St New York, NY 10013",+12122330788,https://s3-media2.fl.yelpcdn.com/bphoto/eDGcTQVA1JcnQ21736SfFg/o.jpg,https://www.yelp.com/biz/noodle-village-new-york-7?adjust_creative=hgQT7I6pzaJGZpbBfLplFw&utm_campaign=yelp_api_v3&utm_medium=api_v3_business_search&utm_source=hgQT7I6pzaJGZpbBfLplFw,40.714167,-73.998803,625.3436724035228
pZWhRtCJvTuwWoavaiCQrA,C as in Charlie,4.5,345,"['Korean', 'Tapas/Small Plates', 'Southern']",N/A,"5 Bleecker St New York, NY 10012",,https://s3-media2.fl.yelpcdn.com/bphoto/xgHXxnV2iOcvhyEuN3Eo0w/o.jpg,https://www.yelp.com/biz/c-as-in-charlie-new-york?adjust_creative=hgQT7I6pzaJGZpbBfLplFw&utm_campaign=yelp_api_v3&utm_medium=api_v3_business_search&utm_source=hgQT7I6pzaJGZpbBfLplFw,40.72545,-73.99269,1803.7263502843577
tFAozE7NNbypnrr5zEt0bQ,Dim Sum Palace,4.2,159,['Dim Sum'],$$,"27 Division St New York, NY 10002",+12125874277,https://s3-media3.fl.yelpcdn.com/bphoto/2Q6QG8hS0zawsuOOLAzlAQ/o.jpg,https://www.yelp.com/biz/dim-sum-palace-new-york-16?adjust_creative=hgQT7I6pzaJGZpbBfLplFw&utm_campaign=yelp_api_v3&utm_medium=api_v3_business_search&utm_source=hgQT7I6pzaJGZpbBfLplFw,40.714018,-73.996122,843.2309683667053
s3jou_L_LVYGkNHiuhjlew,Boucherie West Village,4.5,2573,"['French', 'Cocktail Bars', 'Steakhouses']",$$$,"99 7th Ave S New York, NY 10014",+12128371616,https://s3-media1.fl.yelpcdn.com/bphoto/WxNMDkguiN5eVOOA9WEaog/o.jpg,https://www.yelp.com/biz/boucherie-west-village-new-york-3?adjust_creative=hgQT7I6pzaJGZpbBfLplFw&utm_campaign=yelp_api_v3&utm_medium=api_v3_business_search&utm_source=hgQT7I6pzaJGZpbBfLplFw,40.733094394854035,-74.0028772,2271.9241712560097
R1mLakJBtmK-KETUuLaGaA,Rumba Cubana,4.3,612,"['Cuban', 'Bars', 'Caribbean']",$$,"235 Pavonia Ave Jersey City, NJ 07302",+12018784400,https://s3-media2.fl.yelpcdn.com/bphoto/hfEkWct3a53kDuB8XqZvlg/o.jpg,https://www.yelp.com/biz/rumba-cubana-jersey-city?adjust_creative=hgQT7I6pzaJGZpbBfLplFw&utm_campaign=yelp_api_v3&utm_medium=api_v3_business_search&utm_source=hgQT7I6pzaJGZpbBfLplFw,40.727373308159954,-74.04381749999845,3575.3878411504197
hSpZSqElyjHTfE4lQJ97Cg,Mareluna,4.4,124,"['Italian', 'Breakfast & Brunch', 'Cocktail Bars']",N/A,"137 Sullivan St New York, NY 10012",+12125107774,https://s3-media1.fl.yelpcdn.com/bphoto/vsiUlAdp-RgAh24L-W4MmA/o.jpg,https://www.yelp.com/biz/mareluna-new-york?adjust_creative=hgQT7I6pzaJGZpbBfLplFw&utm_campaign=yelp_api_v3&utm_medium=api_v3_business_search&utm_source=hgQT7I6pzaJGZpbBfLplFw,40.726787,-74.001836,1594.3802608143817
XsXLVWr1UZWVhKThNvNiaA,Blue Willow 夜来湘,4.4,1328,['Szechuan'],N/A,"40 W 56th St New York, NY 10019",+12122132299,https://s3-media2.fl.yelpcdn.com/bphoto/1E59vOqmXZHBlJe0lLBHtA/o.jpg,https://www.yelp.com/biz/blue-willow-%E5%A4%9C%E6%9D%A5%E6%B9%98-new-york-2?adjust_creative=hgQT7I6pzaJGZpbBfLplFw&utm_campaign=yelp_api_v3&utm_medium=api_v3_business_search&utm_source=hgQT7I6pzaJGZpbBfLplFw,40.76292,-73.976546,6105.692776872042
3wWDUQimVqr4xEdVF9h_kQ,Mishik,4.6,35,"['Japanese', 'Bars', 'Sushi Bars']",N/A,"259A Hudson St New York, NY 10013",+13479297878,https://s3-media2.fl.yelpcdn.com/bphoto/XxELdpTMWvh61YQeYBcHUg/o.jpg,https://www.yelp.com/biz/mishik-new-york-4?adjust_creative=hgQT7I6pzaJGZpbBfLplFw&utm_campaign=yelp_api_v3&utm_medium=api_v3_business_search&utm_source=hgQT7I6pzaJGZpbBfLplFw,40.72487,-74.00802,1356.2025175499125
NOh24SMS6k4pzNv8Ds7KDg,Cafe Habana,4.0,3362,"['Cuban', 'Mexican']",$$,"17 Prince St New York, NY 10012",+12126252001,https://s3-media3.fl.yelpcdn.com/bphoto/cUHxmLdN0XyZi6AgvaMb3Q/o.jpg,https://www.yelp.com/biz/cafe-habana-new-york-4?adjust_creative=hgQT7I6pzaJGZpbBfLplFw&utm_campaign=yelp_api_v3&utm_medium=api_v3_business_search&utm_source=hgQT7I6pzaJGZpbBfLplFw,40.722933,-73.99417981496197,1503.9659004689202
kDJbzzmCEjFbyDQ-lSygvw,Fresh Salt,4.0,434,"['Bars', 'New American']",$$,"146 Beekman St New York, NY 10038",+12129620053,https://s3-media3.fl.yelpcdn.com/bphoto/rgUapzpbX-dSGoFywGkdrA/o.jpg,https://www.yelp.com/biz/fresh-salt-new-york?adjust_creative=hgQT7I6pzaJGZpbBfLplFw&utm_campaign=yelp_api_v3&utm_medium=api_v3_business_search&utm_source=hgQT7I6pzaJGZpbBfLplFw,40.70707,-74.00244,703.7645445489351
YvMLbSK_tWmaOjYGwOUd5Q,Xi’an Famous Foods,4.2,223,['Chinese'],$$,"8 Liberty Pl New York, NY 10038",+12127862068,https://s3-media3.fl.yelpcdn.com/bphoto/zhwthScTbJtxUjgOJWjXXQ/o.jpg,https://www.yelp.com/biz/xi-an-famous-foods-new-york-4?adjust_creative=hgQT7I6pzaJGZpbBfLplFw&utm_campaign=yelp_api_v3&utm_medium=api_v3_business_search&utm_source=hgQT7I6pzaJGZpbBfLplFw,40.70919,-74.00934,490.3565461998006
vLsTPg42rkgN5rUpNfg1OA,Da Long Yi Hot Pot,4.4,684,"['Hot Pot', 'Szechuan']",$$$,"159 Canal St Fl 2 Unit E New York, NY 10013",+19178895539,https://s3-media2.fl.yelpcdn.com/bphoto/CGyyuGUAzS5C8CInFogYqw/o.jpg,https://www.yelp.com/biz/da-long-yi-hot-pot-new-york-4?adjust_creative=hgQT7I6pzaJGZpbBfLplFw&utm_campaign=yelp_api_v3&utm_medium=api_v3_business_search&utm_source=hgQT7I6pzaJGZpbBfLplFw,40.716613,-73.996619,884.0272230316542
eQ4QUGvuHGBzsOrphsVc6A,Kimura,4.5,478,"['Japanese', 'Hot Pot', 'Sushi Bars']",$$$,"31 St Marks Pl New York, NY 10003",+19179051864,https://s3-media1.fl.yelpcdn.com/bphoto/qGw89FLVSK3OwX0UCJH6QA/o.jpg,https://www.yelp.com/biz/kimura-new-york?adjust_creative=hgQT7I6pzaJGZpbBfLplFw&utm_campaign=yelp_api_v3&utm_medium=api_v3_business_search&utm_source=hgQT7I6pzaJGZpbBfLplFw,40.72904325062745,-73.9882174,2346.928366195622
WAVszL8c2-JhQdFpUAxFBg,Sartiano's,4.4,100,['Italian'],$$$$,"99 Prince St New York, NY 10012",+12126581155,https://s3-media4.fl.yelpcdn.com/bphoto/pCRyllvkniJNtOVmT1Ms5A/o.jpg,https://www.yelp.com/biz/sartianos-new-york-2?adjust_creative=hgQT7I6pzaJGZpbBfLplFw&utm_campaign=yelp_api_v3&utm_medium=api_v3_business_search&utm_source=hgQT7I6pzaJGZpbBfLplFw,40.724810382008485,-73.99865347261444,1472.031113789957
d7Asc4q2ImoPlA_BhfroTQ,Kesté Pizza & Vino,4.2,1976,"['Pizza', 'Italian', 'Wine Bars']",$$,"77 Fulton St New York, NY 10038",+12122431500,https://s3-media1.fl.yelpcdn.com/bphoto/Dd5EOBOvbRs5ttjQwuJedQ/o.jpg,https://www.yelp.com/biz/kest%C3%A9-pizza-and-vino-new-york-5?adjust_creative=hgQT7I6pzaJGZpbBfLplFw&utm_campaign=yelp_api_v3&utm_medium=api_v3_business_search&utm_source=hgQT7I6pzaJGZpbBfLplFw,40.709135,-74.004645,431.8630155740565
IA3EQ0Ilx0yI7dNYnq-YGQ,Salma,4.5,218,"['Lebanese', 'Breakfast & Brunch', 'Sandwiches']",$$,"351 E 12th St New York, NY 10003",+19172614907,https://s3-media4.fl.yelpcdn.com/bphoto/1HF8xHpI--UJihYiycSEkg/o.jpg,https://www.yelp.com/biz/salma-new-york?adjust_creative=hgQT7I6pzaJGZpbBfLplFw&utm_campaign=yelp_api_v3&utm_medium=api_v3_business_search&utm_source=hgQT7I6pzaJGZpbBfLplFw,40.730369942268375,-73.9837222575225,2709.5367802681108
r5SR5vNnCQDkfc6MWFnFDg,Wall Street Grill,3.9,76,"['Desserts', 'Bars', 'American']",N/A,"128 Pearl St New York, NY 10005",+12126355757,https://s3-media4.fl.yelpcdn.com/bphoto/3bhrZLxwSD65IQJiHK5DQQ/o.jpg,https://www.yelp.com/biz/wall-street-grill-new-york-2?adjust_creative=hgQT7I6pzaJGZpbBfLplFw&utm_campaign=yelp_api_v3&utm_medium=api_v3_business_search&utm_source=hgQT7I6pzaJGZpbBfLplFw,40.70489359972938,-74.00867283419596,907.5583288728591
CuwHhq1MKX5hm8YyxtqukQ,Shukette,4.5,531,['Middle Eastern'],$$$$,"230 9th Ave New York, NY 10001",+12122421803,https://s3-media2.fl.yelpcdn.com/bphoto/2QlGekOdWWrkmAKVfVPbnw/o.jpg,https://www.yelp.com/biz/shukette-new-york?adjust_creative=hgQT7I6pzaJGZpbBfLplFw&utm_campaign=yelp_api_v3&utm_medium=api_v3_business_search&utm_source=hgQT7I6pzaJGZpbBfLplFw,40.74745,-74.00041,3881.5853046466755
ooYUO3Pq_qypc1NXFzeLYQ,City Vineyard,4.0,1243,"['Wine Bars', 'New American', 'Venues & Event Spaces']",$$$,"233 West St New York, NY 10013",+16466778350,https://s3-media3.fl.yelpcdn.com/bphoto/EQkP8Wd2bC_411mQMBtwXg/o.jpg,https://www.yelp.com/biz/city-vineyard-new-york-2?adjust_creative=hgQT7I6pzaJGZpbBfLplFw&utm_campaign=yelp_api_v3&utm_medium=api_v3_business_search&utm_source=hgQT7I6pzaJGZpbBfLplFw,40.721372,-74.012706,1108.484131252794
-bM9YDomW6BX3zGDHN24XQ,Curry House,4.3,125,"['Malaysian', 'Thai']",$$,"9 Pell St New York, NY 10013",+16466785131,https://s3-media1.fl.yelpcdn.com/bphoto/DJ8Q2hFKluYfVlGVAsoQAA/o.jpg,https://www.yelp.com/biz/curry-house-new-york-3?adjust_creative=hgQT7I6pzaJGZpbBfLplFw&utm_campaign=yelp_api_v3&utm_medium=api_v3_business_search&utm_source=hgQT7I6pzaJGZpbBfLplFw,40.7147043540403,-73.99770502336152,730.4920167836342
LpIpG7klTOl_btqxNkp-Vw,Ernesto’s,3.7,161,['Basque'],N/A,"259 E Broadway New York, NY 10002",+16466928300,https://s3-media1.fl.yelpcdn.com/bphoto/cvN8AzwLcaHF-jqDcnbBYw/o.jpg,https://www.yelp.com/biz/ernesto-s-new-york?adjust_creative=hgQT7I6pzaJGZpbBfLplFw&utm_campaign=yelp_api_v3&utm_medium=api_v3_business_search&utm_source=hgQT7I6pzaJGZpbBfLplFw,40.71429,-73.9854371,1741.0134925173213
lHGQM__w1x5Dxiq3aRPCTQ,White Horse Tavern - Financial District,4.0,463,"['Pubs', 'Burgers', 'Venues & Event Spaces']",$$,"25 Bridge St New York, NY 10004",+12126689046,https://s3-media2.fl.yelpcdn.com/bphoto/0M0QcKw2WvQqWCn2nXhw8g/o.jpg,https://www.yelp.com/biz/white-horse-tavern-financial-district-new-york-2?adjust_creative=hgQT7I6pzaJGZpbBfLplFw&utm_campaign=yelp_api_v3&utm_medium=api_v3_business_search&utm_source=hgQT7I6pzaJGZpbBfLplFw,40.70372,-74.01237,1139.6730406125052
txSykTj5nbwmpiVNoK_Dyg,Blue Ribbon Brasserie,4.3,1047,"['Seafood', 'American', 'Cocktail Bars']",$$$,"97 Sullivan St New York, NY 10012",+12122740404,https://s3-media1.fl.yelpcdn.com/bphoto/OMYqqgQ-ioT7bCP82xvJDA/o.jpg,https://www.yelp.com/biz/blue-ribbon-brasserie-new-york-4?adjust_creative=hgQT7I6pzaJGZpbBfLplFw&utm_campaign=yelp_api_v3&utm_medium=api_v3_business_search&utm_source=hgQT7I6pzaJGZpbBfLplFw,40.725519,-74.003027,1436.309149972259
O4fPP62_YnwcyJ_E0zjprw,Koreatgo,4.7,27,['Korean'],N/A,"225 Pearl St New York, NY 10038",+19294940276,https://s3-media1.fl.yelpcdn.com/bphoto/foRqKb1fPw0dPzPU0yFeVg/o.jpg,https://www.yelp.com/biz/koreatgo-new-york-2?adjust_creative=hgQT7I6pzaJGZpbBfLplFw&utm_campaign=yelp_api_v3&utm_medium=api_v3_business_search&utm_source=hgQT7I6pzaJGZpbBfLplFw,40.707347499262056,-74.00589612883579,606.352957335428
F-tQr4hEbBZvmg8A2cnnRQ,Sae Ron,4.5,47,"['Korean', 'Desserts', 'Cocktail Bars']",N/A,"99 Stanton St New York, NY 10002",+16464540848,https://s3-media1.fl.yelpcdn.com/bphoto/Sf0Gs4ZgNt26YjAPpumLsg/o.jpg,https://www.yelp.com/biz/sae-ron-new-york?adjust_creative=hgQT7I6pzaJGZpbBfLplFw&utm_campaign=yelp_api_v3&utm_medium=api_v3_business_search&utm_source=hgQT7I6pzaJGZpbBfLplFw,40.7211615,-73.9881349566141,1769.583709602782
0dDCDQz7DrKkSvu9h2hcQw,Chow House 德悦轩,4.4,731,"['Szechuan', 'Noodles', 'Soup']",$$,"181 Bleecker St New York, NY 10012",+12128371021,https://s3-media3.fl.yelpcdn.com/bphoto/W7YAFAU2wtFnkutx2CDZ6A/o.jpg,https://www.yelp.com/biz/chow-house-%E5%BE%B7%E6%82%A6%E8%BD%A9-new-york?adjust_creative=hgQT7I6pzaJGZpbBfLplFw&utm_campaign=yelp_api_v3&utm_medium=api_v3_business_search&utm_source=hgQT7I6pzaJGZpbBfLplFw,40.72908,-74.00078,1867.667698219491
Me4TxTbPPQZQopW1wOGx5g,Jack's Wife Freda,3.9,2605,"['Breakfast & Brunch', 'Mediterranean', 'New American']",$$,"226 Lafayette St New York, NY 10012",+12125108550,https://s3-media3.fl.yelpcdn.com/bphoto/X2MCZNODuHziml3lGw98zw/o.jpg,https://www.yelp.com/biz/jacks-wife-freda-new-york?adjust_creative=hgQT7I6pzaJGZpbBfLplFw&utm_campaign=yelp_api_v3&utm_medium=api_v3_business_search&utm_source=hgQT7I6pzaJGZpbBfLplFw,40.7221323,-73.9975402,1259.0342964033964
goqbwOup2ZxhUkrnPqAYrg,Blue Haven South,4.5,50,"['Sports Bars', 'Breakfast & Brunch']",$$,"121 Fulton St New York, NY 10038",+13322577630,https://s3-media1.fl.yelpcdn.com/bphoto/x8Qt33wNYu6OdCsKYnVF0w/o.jpg,https://www.yelp.com/biz/blue-haven-south-new-york-2?adjust_creative=hgQT7I6pzaJGZpbBfLplFw&utm_campaign=yelp_api_v3&utm_medium=api_v3_business_search&utm_source=hgQT7I6pzaJGZpbBfLplFw,40.710125653805505,-74.00704429999999,310.126510522059
r2tM5A3YU8m1prp-ji5KAQ,Anassa Taverna,4.1,58,"['Greek', 'Mediterranean']",N/A,"104 North End Ave New York, NY 10282",,https://s3-media1.fl.yelpcdn.com/bphoto/IGTc6qRm70U-mupMKl-DRw/o.jpg,https://www.yelp.com/biz/anassa-taverna-new-york-3?adjust_creative=hgQT7I6pzaJGZpbBfLplFw&utm_campaign=yelp_api_v3&utm_medium=api_v3_business_search&utm_source=hgQT7I6pzaJGZpbBfLplFw,40.71538461875374,-74.01549343149449,850.1816120668011
ZgyvDF_hOWas3SXe0Hj7hA,Schilling Restaurant & Bar,4.2,224,"['Austrian', 'Bars', 'New American']",$$,"109 Washington St New York, NY 10006",+12124061200,https://s3-media2.fl.yelpcdn.com/bphoto/jRiMtuTBN46tRcbGCZNLUQ/o.jpg,https://www.yelp.com/biz/schilling-restaurant-and-bar-new-york?adjust_creative=hgQT7I6pzaJGZpbBfLplFw&utm_campaign=yelp_api_v3&utm_medium=api_v3_business_search&utm_source=hgQT7I6pzaJGZpbBfLplFw,40.70876746027962,-74.01401660338927,810.9402432844469
gtXP0CmOnBbgfnff7VXa7A,Pastis,4.2,648,['French'],$$$,"52 Gansevoort St New York, NY 10014",+12129294844,https://s3-media3.fl.yelpcdn.com/bphoto/eEGekH3aRYuzHLVU5erdbA/o.jpg,https://www.yelp.com/biz/pastis-new-york-3?adjust_creative=hgQT7I6pzaJGZpbBfLplFw&utm_campaign=yelp_api_v3&utm_medium=api_v3_business_search&utm_source=hgQT7I6pzaJGZpbBfLplFw,40.739245,-74.006992,2941.432118453905
0Tvwk0hvgaY0QVIsZGTZKQ,Antica Ristorante,4.3,628,['Italian'],$$$,"8 Stone St New York, NY 10004",+12124803880,https://s3-media3.fl.yelpcdn.com/bphoto/uORVHkBn9xrLR6yQYtl7Yg/o.jpg,https://www.yelp.com/biz/antica-ristorante-new-york?adjust_creative=hgQT7I6pzaJGZpbBfLplFw&utm_campaign=yelp_api_v3&utm_medium=api_v3_business_search&utm_source=hgQT7I6pzaJGZpbBfLplFw,40.7039355145338,-74.0121731758117,1114.5963366508665
Vs-3byrsBYwd_Cnfl0CyFw,Bubby's Tribeca,3.8,2298,"['American', 'Breakfast & Brunch', 'Sandwiches']",$$,"120 Hudson St New York, NY 10013",+12122190666,https://s3-media4.fl.yelpcdn.com/bphoto/0arpohu3IpvXrIA7DJNA5Q/o.jpg,https://www.yelp.com/biz/bubbys-tribeca-new-york?adjust_creative=hgQT7I6pzaJGZpbBfLplFw&utm_campaign=yelp_api_v3&utm_medium=api_v3_business_search&utm_source=hgQT7I6pzaJGZpbBfLplFw,40.7198118,-74.0083092,803.5987158249259
AIKjw2QLvVNdha3TciJYzg,Boqueria Soho,4.1,1303,"['Spanish', 'Tapas Bars', 'Tapas/Small Plates']",$$$,"171 Spring St New York, NY 10012",+12123434255,https://s3-media2.fl.yelpcdn.com/bphoto/ZLudAnqrv6dqY6gVmSZRrA/o.jpg,https://www.yelp.com/biz/boqueria-soho-new-york-2?adjust_creative=hgQT7I6pzaJGZpbBfLplFw&utm_campaign=yelp_api_v3&utm_medium=api_v3_business_search&utm_source=hgQT7I6pzaJGZpbBfLplFw,40.7249227818105,-74.00215536627918,1386.3846741521124
Qi7pmy2BuR5Oz2ouXa2u4A,The Frenchman's Dough,4.0,77,"['Italian', 'Pizza']",N/A,"96 South St New York, NY 10038",+16468686000,https://s3-media1.fl.yelpcdn.com/bphoto/hNpMBiUyhsGzb6jSulQeTQ/o.jpg,https://www.yelp.com/biz/the-frenchmans-dough-new-york?adjust_creative=hgQT7I6pzaJGZpbBfLplFw&utm_campaign=yelp_api_v3&utm_medium=api_v3_business_search&utm_source=hgQT7I6pzaJGZpbBfLplFw,40.706116183284095,-74.00233246386051,804.9329343936143
fVsH6QIJPzXpVbgmeiolsA,Jungsik,4.6,798,['Korean'],$$$$,"2 Harrison St New York, NY 10013",+12122190900,https://s3-media1.fl.yelpcdn.com/bphoto/O7GWZ_aclOrZiHZnPkWQaA/o.jpg,https://www.yelp.com/biz/jungsik-new-york?adjust_creative=hgQT7I6pzaJGZpbBfLplFw&utm_campaign=yelp_api_v3&utm_medium=api_v3_business_search&utm_source=hgQT7I6pzaJGZpbBfLplFw,40.7188032533572,-74.0090829725856,716.3177918243579
q11TljTQd33XCWlVoPyRqg,The Osprey,3.9,369,['Australian'],$$$,"60 Furman St Brooklyn, NY 11201",+13476962505,https://s3-media4.fl.yelpcdn.com/bphoto/FDZnyI1ncxyz6vtMv1_7ZA/o.jpg,https://www.yelp.com/biz/the-osprey-brooklyn?adjust_creative=hgQT7I6pzaJGZpbBfLplFw&utm_campaign=yelp_api_v3&utm_medium=api_v3_business_search&utm_source=hgQT7I6pzaJGZpbBfLplFw,40.702241,-73.995539,1462.1865263582504
97q5nUQTuBo_h00XCxna2A,Tasty Hand - Pulled Noodles,3.9,1937,"['Chinese', 'Noodles']",$$,"1 Doyers St New York, NY 10013",+12127911817,https://s3-media4.fl.yelpcdn.com/bphoto/FJttNYXtGvCsX0l0XoRxvg/o.jpg,https://www.yelp.com/biz/tasty-hand-pulled-noodles-new-york?adjust_creative=hgQT7I6pzaJGZpbBfLplFw&utm_campaign=yelp_api_v3&utm_medium=api_v3_business_search&utm_source=hgQT7I6pzaJGZpbBfLplFw,40.7142,-73.99787,702.6505127817383
SKoMUaQewpMdj1Mg8QvBNw,Nobu Downtown,3.8,668,"['Japanese', 'Sushi Bars', 'Asian Fusion']",$$$$,"195 Broadway New York, NY 10007",+12122190500,https://s3-media3.fl.yelpcdn.com/bphoto/LSAbIB6JiQUJ3rUxGNgHzw/o.jpg,https://www.yelp.com/biz/nobu-downtown-new-york?adjust_creative=hgQT7I6pzaJGZpbBfLplFw&utm_campaign=yelp_api_v3&utm_medium=api_v3_business_search&utm_source=hgQT7I6pzaJGZpbBfLplFw,40.7107732,-74.0095804,376.6437234030772
